id,title_es,title_en,text_es,text_en
1,La Liebre y la Tortuga,The Tortoise and the Hare,"Una liebre presumida se burlaba de la lentitud de una tortuga. Desafiada a una carrera, la liebre se durmió confiada. La tortuga avanzó paso a paso sin detenerse y ganó la carrera con constancia.","A proud hare laughed at a slow tortoise. Challenged to a race, the hare napped confidently. The tortoise crawled steadily without stopping and won the race with perseverance."
2,El León y el Ratón,The Lion and the Mouse,"Un león perdonó la vida a un pequeño ratón. Días después, el león cayó en una red. El ratón royó las cuerdas con sus dientes y liberó al gran león. Los pequeños amigos son grandes salvadores.","A lion spared the life of a tiny mouse. Days later, the lion was caught in a net. The mouse chewed the ropes with his teeth and freed the great lion. Small friends can be great saviors."
3,La Zorra y las Uvas,The Fox and the Grapes,Una zorra hambrienta vio unos racimos de uvas deliciosas que colgaban de una parra. Intentó saltar varias veces pero no pudo alcanzarlas. Se marchó diciendo que aún estaban verdes.,A hungry fox saw some delicious bunches of grapes hanging from a vine. She tried to jump several times but could not reach them. She walked away saying they were still sour.
4,El Pastorcito Mentiroso,The Boy Who Cried Wolf,"Un joven pastor gritaba que venía el lobo solo para burlarse de los aldeanos. Cuando el lobo vino de verdad, nadie creyó sus gritos de auxilio. Nadie cree a un mentiroso, incluso cuando dice la verdad.","A young shepherd cried wolf just to mock the villagers. When the wolf actually came, no one believed his cries for help. Nobody believes a liar, even when they speak the truth."
5,La Cigarra y la Hormiga,The Ant and the Grasshopper,"La cigarra cantó todo el verano mientras la hormiga trabajaba juntando comida. Al llegar el frío invierno, la cigarra tuvo hambre y aprendió que es necesario prepararse para el futuro.","The grasshopper sang all summer while the ant worked storing food. When the cold winter arrived, the grasshopper went hungry and learned that it is necessary to prepare for the future."
6,El Cuervo y la Jarra,The Crow and the Pitcher,"Un cuervo sediento encontró una jarra con poca agua. No alcanzaba el fondo, así que empezó a tirar piedras dentro de la jarra. El agua subió hasta el borde y pudo calmar su sed.","A thirsty crow found a pitcher with little water. He could not reach the bottom, so he threw stones into the jar. The water rose to the brim and he was able to quench his thirst."
7,El Viento y el Sol,The Wind and the Sun,"El viento y el sol disputaban quién era más fuerte. Decidieron probar con un viajero, intentando quitarle la capa. El viento sopló con furia pero el sol brilló con calidez y logró que se la quitara.","The wind and the sun argued over who was stronger. They decided to test it on a traveler, trying to remove his cloak. The wind blew hard but the warm sun shone and made him take it off."
8,El Ratón de Campo y el de Ciudad,The Town Mouse and the Country Mouse,"Un ratón de campo invitó a su amigo de ciudad. Comieron trigo humilde. Luego fueron a la ciudad a un banquete, pero los perros los asustaron. Es mejor comer en paz que tener lujos con miedo.","A country mouse invited his city friend. They ate humble wheat. Then they went to the city for a feast, but dogs scared them. It is better to eat in peace than to have luxury with fear."
9,La Gallina de los Huevos de Oro,The Goose that Laid the Golden Eggs,"Un granjero tenía una gallina que ponía un huevo de oro cada día. Creyendo que tenía una fortuna adentro, la mató para hacerse rico al instante. Se quedó sin riqueza y sin gallina por codicioso.","A farmer had a goose that laid a golden egg every day. Thinking she had a fortune inside, he killed her to get rich instantly. He ended up with no wealth and no goose due to his greed."
10,El Perro y su Reflejo,The Dog and His Reflection,"Un perro llevaba un trozo de carne en su hocico. Al cruzar un río, vio su reflejo en el agua y creyó que era otro perro con un trozo mayor. Soltó el suyo para robarlo y la corriente se lo llevó.","A dog carried a piece of meat in his mouth. Crossing a river, he saw his reflection and thought it was another dog with a larger piece. He dropped his to steal it, and the river swept it away."
11,La Lechera y su Cubo,The Milkmaid and Her Pail,Una lechera caminaba al mercado pensando en comprar pollos con el dinero de la leche. Soñaba con vender los pollos y comprar un vestido. Tropezó por distraerse y la leche se derramó en la tierra.,A milkmaid walked to the market planning to buy chickens with the milk money. She dreamed of selling chickens to buy a dress. She tripped because of her daydream and the milk spilled on the ground.
12,La Zorra y el Cuervo,The Fox and the Crow,"Un cuervo tenía queso en su pico. La zorra le alabó la voz para que cantara y soltara la comida. El cuervo abrió el pico para cantar, el queso cayó y la zorra lo atrapó en el aire.","A crow held cheese in his beak. The fox praised his voice so he would sing and drop the food. The crow opened his beak to sing, the cheese fell and the fox caught it in the air."
13,Las Dos Ranas,The Two Frogs,"Dos ranas vivían en una charca que se secó. Encontraron un pozo profundo. Una quería saltar dentro, pero la otra dijo que si el agua se secaba allí también, no podrían salir de ninguna manera.","Two frogs lived in a pond that dried up. They found a deep well. One wanted to jump in, but the other said if the water dried up there too, they would not be able to get out at all."
14,El Pescador y el Pez,The Fisherman and the Little Fish,Un pescador atrapó un pez pequeño. El pez le rogó que lo soltara y lo atrapara cuando fuera grande. El pescador se negó diciendo que más vale pájaro en mano que cien volando.,A fisherman caught a tiny fish. The fish begged to be released and caught when it was larger. The fisherman refused saying a bird in the hand is worth two in the bush.
15,El León Enamorado,The Lion in Love,Un león se enamoró de la hija de un labrador. El hombre le pidió que se cortara las garras y los dientes para casarse. El león aceptó y el labrador lo echó a golpes al dejarlo sin defensa.,"A lion fell in love with a farmer's daughter. The man asked him to cut his claws and teeth to marry. The lion agreed, and the farmer chased him away since he was now defenseless."
16,La Zorra y la Cigüeña,The Fox and the Stork,La zorra sirvió sopa a la cigüeña en un plato llano que no podía usar. La cigüeña invitó luego a la zorra y le sirvió en un jarrón de cuello largo. Trata a los demás como quieres que te traten.,The fox served soup to the stork on a flat plate she could not use. The stork then invited the fox and served in a long-necked jar. Treat others the way you want to be treated.
17,El Congreso de los Ratones,The Mice in Council,"Los ratones querían ponerle un cascabel al gato para saber cuándo venía. Todos aplaudieron la gran idea, pero se quedaron en silencio cuando un viejo ratón preguntó quién se atrevía a ponerlo.","The mice wanted to put a bell on the cat to know when he was coming. Everyone cheered the great idea, but they fell silent when an old mouse asked who dared to actually bell the cat."
18,El Lobo con Piel de Oveja,The Wolf in Sheep's Clothing,"Un lobo se disfrazó con una piel de oveja para entrar al rebaño y comer fácil. Por la noche, el pastor entró buscando carne para la cena, tomó al lobo por error y acabó con él al instante.","A wolf dressed in sheepskin to enter the flock and eat easily. At night, the shepherd came in looking for meat for dinner, took the wolf by mistake, and dispatched him instantly."
19,La Tortuga y el Águila,The Tortoise and the Eagle,Una tortuga rogó a un águila que le enseñara a volar. El águila la elevó por los cielos y la soltó para que aleteara. La tortuga cayó sobre las rocas y se rompió por no aceptar sus límites.,A tortoise begged an eagle to teach her to fly. The eagle raised her high into the skies and let her go to flap her wings. The tortoise fell on the rocks and shattered for ignoring her limits.
20,El Asno y su Sombra,The Ass and His Shadow,"Un viajero alquiló un asno. Al mediodía, quiso sentarse bajo la sombra del animal, pero el dueño decía que alquiló el asno y no su sombra. Pelearon tanto que el asno se asustó y huyó corriendo.","A traveler rented a donkey. At noon, he wanted to sit in the animal's shadow, but the owner said he rented the donkey and not its shadow. They fought so much that the donkey got scared and fled."
21,El Pavo Real y la Grulla,The Peacock and the Crane,"Un pavo real se burlaba de las plumas grises de una grulla. La grulla respondió que ella podía volar alto hasta tocar las estrellas, mientras el pavo real caminaba por el suelo como un pollo.","A peacock mocked the gray feathers of a crane. The crane replied that she could fly high to touch the stars, while the peacock walked on the ground like a common chicken."
22,La Rana y el Buey,The Frog and the Ox,Una pequeña rana vio a un buey y quiso ser tan grande como él. Empezó a inflarse de aire preguntando a sus compañeras si ya era enorme. Siguió inflándose tanto que reventó por vanidosa.,"A tiny frog saw an ox and wanted to be as big as him. She began to puff herself with air, asking her companions if she was huge yet. She kept puffing so much that she burst out of vanity."
23,El León y los Tres Bueyes,The Lion and the Three Bulls,"Tres bueyes pastaban juntos y se defendían del león. El león sembró discordia y celos entre ellos hasta que se separaron. Una vez solos, el león los cazó a todos uno a uno sin esfuerzo.","Three bulls grazed together and defended themselves from the lion. The lion sowed discord and jealousy among them until they parted. Once alone, the lion hunted them one by one without effort."
24,El Perro del Hortelano,The Dog in the Manger,Un perro reposaba sobre el pajar de un buey. No comía la paja ni dejaba que el buey la comiera para alimentarse. No seas envidioso impidiendo que otros disfruten lo que tú no puedes usar.,"A dog lay in a manger full of hay. He did not eat the hay himself, nor would he let the ox eat it for food. Do not be envious by preventing others from enjoying what you cannot use."
25,El Avaro y su Oro,The Miser and His Gold,"Un avaro enterró su oro en el jardín. Un ladrón lo descubrió y lo robó. El avaro lloraba desesperado, pero un vecino le dijo que enterrara una piedra, pues daría el mismo uso al no gastarlo.","A miser buried his gold in the garden. A thief discovered it and stole it. The miser wept in despair, but a neighbor told him to bury a stone, as it would serve the same purpose since he never spent it."
26,El Roble y la Caña,The Oak and the Reeds,"Un roble orgulloso se burlaba de una frágil caña. Vino una tormenta violenta, el roble resistió con dureza y terminó derribado, mientras la caña se dobló con el viento y sobrevivió en paz.","A proud oak mocked a fragile reed. A violent storm came, the oak resisted stiffly and ended up uprooted, while the reed bent with the wind and survived in peace."
27,El Lobo y el Cabrito,The Wolf and the Kid,"Un cabrito estaba a salvo en el tejado de una casa y empezó a insultar a un lobo que pasaba por la calle. El lobo respondió que no era el cabrito quien lo insultaba, sino el lugar seguro donde estaba.","A kid stood safe on the roof of a house and began to insult a passing wolf on the street. The wolf replied that it was not the kid insulting him, but the safe place where he stood."
28,El Mono y el Delfín,The Monkey and the Dolphin,"Un delfín salvó a un mono de ahogarse y le preguntó si conocía la ciudad. El mono mintió diciendo que el alcalde era su pariente. Al ver su mentira, el delfín lo dejó en el agua por mentiroso.","A dolphin saved a monkey from drowning and asked if he knew the city. The monkey lied saying the mayor was his relative. Seeing his lie, the dolphin left him in the water for being a liar."
29,La Hormiga y la Paloma,The Ant and the Dove,"Una hormiga cayó al agua y una paloma le tiró una hoja para salvarla. Después, un cazador apuntó a la paloma, la hormiga le picó el talón al hombre y la paloma pudo escapar volando feliz.","An ant fell into the water and a dove threw her a leaf to save her. Later, a hunter aimed at the dove, the ant bit the man's heel and the dove was able to escape happily flying away."
30,La Liebre y sus Orejas,The Hare and His Ears,El león decretó que todos los animales con cuernos debían irse del bosque. Una liebre vio la sombra de sus orejas largas y huyó con temor de que el rey tomara sus orejas por cuernos puntiagudos.,The lion decreed that all animals with horns must leave the forest. A hare saw the shadow of her long ears and fled in fear that the king would mistake her ears for pointed horns.
31,El Asno con Piel de León,The Ass in the Lion's Skin,"Un asno se disfrazó con una piel de león y asustó a todos en la granja. Pero al intentar rugir para dar más miedo, rebuznó fuerte. Todos descubrieron su engaño y lo apalearon por impostor.","An ass dressed in a lion's skin and scared everyone on the farm. But trying to roar to scare them more, he brayed loudly. Everyone discovered his trick and beat him for being an impostor."
32,El Pastor y el León,The Shepherd and the Lion,"Un pastor curó la pata herida de un león sacando una espina. Años después, el pastor fue condenado a las fieras. El león lo reconoció, lo defendió de los otros y demostró su eterna gratitud.","A shepherd healed a lion's injured paw by removing a thorn. Years later, the shepherd was condemned to the beasts. The lion recognized him, defended him from others, and showed eternal gratitude."
33,El Cuervo y el Cisne,The Crow and the Swan,"Un cuervo envidiaba las plumas blancas de un cisne. Pensó que bañándose todo el día en el lago se blanquearía. Se mudó al agua, pero sus plumas siguieron negras y murió de frío y hambre.","A crow envied the white feathers of a swan. He thought bathing all day in the lake would whiten him. He moved to the water, but his feathers remained black and he died of cold and hunger."
34,Los Dos Alfareros,The Two Potters,"Dos alfareros hacían vasijas de barro. Uno trabajaba rápido y tosco, el otro lento y fino. La tormenta rompió las vasijas toscas, demostrando que la calidad resiste más que la prisa.","Two potters made clay pots. One worked quickly and roughly, the other slowly and finely. The storm broke the rough pots, proving that quality resists more than haste."
35,El Lobo y la Cigüeña,The Wolf and the Crane,"A un lobo se le atoró un hueso en la garganta. La cigüeña metió su cuello largo y sacó el hueso. Al pedir su pago, el lobo respondió que el mayor premio era haber salido viva de sus fauces.","A wolf had a bone stuck in his throat. The crane put her long neck in and pulled the bone out. Upon asking for her pay, the wolf replied that the greatest reward was getting out of his jaws alive."
36,El Águila y la Flecha,The Eagle and the Arrow,"Un águila fue herida por una flecha. Al mirar la flecha, vio que las plumas estabilizadoras eran de su propia especie. Mayor es el dolor cuando la causa de nuestra caída proviene de nosotros.","An eagle was wounded by an arrow. Looking at the arrow, she saw that the stabilizing feathers were from her own kind. Greater is the pain when the cause of our downfall comes from within."
37,La Rosa y el Amaranto,The Rose and the Amaranth,"Un amaranto alabó la belleza y perfume de una rosa. La rosa respondió con tristeza que su belleza dura poco y muere pronto, mientras que el amaranto vive y florece verde por siempre.","An amaranth praised the beauty and scent of a rose. The rose replied sadly that her beauty lasts briefly and dies soon, while the amaranth lives and blooms green forever."
38,El Asno y la Cigarra,The Ass and the Grasshopper,Un asno envidiaba el dulce canto de la cigarra. Le preguntó qué comía para cantar así. La cigarra respondió que rocío. El asno intentó alimentarse solo de rocío y murió de inanición por necio.,An ass envied the sweet song of the grasshopper. He asked what she ate to sing like that. The grasshopper replied dew. The ass tried to feed only on dew and died of starvation for being foolish.
39,Las Ranas Pidiendo Rey,The Frogs Asking for a King,"Las ranas pidieron un rey a Júpiter. El dios les tiró un tronco. Al ver que no hacía nada, pidieron otro más activo. Júpiter les envió una cigüeña que empezó a devorarlas una a una sin piedad.","The frogs asked Jupiter for a king. The god threw them a log. Seeing it did nothing, they asked for a more active one. Jupiter sent them a stork that began to devour them one by one without mercy."
40,Los Viajeros y el Oso,The Travelers and the Bear,Dos amigos vieron un oso. Uno subió a un árbol y el otro se tiró al suelo fingiéndose muerto. El oso lo olfateó y se fue. El del árbol preguntó qué le dijo el oso: No viajes con amigos que te abandonan.,Two friends saw a bear. One climbed a tree and the other lay on the ground pretending to be dead. The bear sniffed him and left. The one in the tree asked what the bear said: Do not travel with friends who abandon you.
41,El León Enfermo,The Sick Lion,Un león viejo fingió estar enfermo en su cueva para devorar a los animales que iban a visitarlo. La zorra se quedó afuera y le explicó que veía muchas huellas entrando pero ninguna saliendo.,An old lion pretended to be sick in his cave to devour the animals that went to visit him. The fox stood outside and explained that she saw many footprints entering but none leaving.
42,El Caballo y el Ciervo,The Horse and the Stag,"Un caballo peleaba con un ciervo y pidió ayuda a un hombre. El hombre le puso silla y freno para cabalgarlo. Vencieron al ciervo, pero el caballo perdió su libertad al quedar esclavo del hombre.","A horse fought with a stag and asked a man for help. The man saddled and bridled the horse to ride him. They defeated the stag, but the horse lost his freedom by remaining enslaved to the man."
43,El Mercader de Sal y su Asno,The Salt Merchant and His Ass,"Un asno cargado de sal cayó al río y vio que la sal se disolvía, aligerando la carga. Al día siguiente cayó a propósito, pero llevaba esponjas. Al mojarse, pesaron el triple y el asno sufrió.","An ass loaded with salt fell into the river and saw the salt dissolve, lightening the load. The next day he fell on purpose, but carried sponges. When wet, they weighed triple and the ass suffered."
44,El Lobo y el Pastor,The Wolf and the Shepherd,"Un lobo seguía al rebaño sin atacar y el pastor confió en él como guardián. Al ausentarse el pastor, el lobo atacó y devoró las ovejas. Nunca confíes en tu enemigo natural por más manso que parezca.","A wolf followed the flock without attacking and the shepherd trusted him as a guardian. When the shepherd left, the wolf attacked and devoured the sheep. Never trust your natural enemy however gentle he seems."
45,El Murciélago y las Comadrejas,The Bat and the Weasels,"Un murciélago cayó en nido de comadreja que odiaba las aves. Dijo que era ratón y se salvó. Cayó en otra que odiaba ratones, dijo que era ave y se salvó. Adaptarse a las circunstancias es sabio.","A bat fell into a weasel's nest that hated birds. He said he was a mouse and was saved. He fell into another that hated mice, said he was a bird and was saved. Adapting to circumstances is wise."
46,Los Dos Perros,The Two Dogs,"Un perro cazaba en el bosque y el otro cuidaba la casa. El de caza se quejaba de que el casero comía sin esfuerzo. El casero respondió que él no tenía la culpa, sino el dueño que lo enseñó a ser flojo.","One dog hunted in the forest and the other guarded the house. The hunting dog complained that the house dog ate without effort. The house dog replied that it was not his fault, but the master who taught him laziness."
47,El Cazador y la Paloma,The Fowler and the Ringdove,"Un cazador vio una paloma y armó su trampa. Al pisar una serpiente venenosa por estar distraído, esta le mordió el pie. Mayor es la trampa en la que caemos cuando intentamos dañar a otros.","A fowler saw a dove and set his trap. Stepping on a venomous snake because he was distracted, it bit his foot. Greater is the trap we fall into when we try to harm others."
48,El Pastor y las Ovejas,The Shepherd and the Sheep,Un pastor arreó sus ovejas bajo un roble para comer bellotas. El pastor trepó y sacudió las ramas. Las ovejas comieron tanto que reventaron. El exceso de codicia en lo bueno causa nuestra ruina.,A shepherd drove his sheep under an oak to eat acorns. The shepherd climbed and shook the branches. The sheep ate so much they burst. Excess greed in good things causes our ruin.
49,El León y el Delfín,The Lion and the Dolphin,"El león propuso al delfín una alianza para defenderse, pues eran los reyes de la tierra y del mar. El león fue atacado y el delfín no pudo salir del agua a ayudarlo. Elige aliados que puedan socorrerte.","The lion proposed an alliance with the dolphin for defense, as they were kings of land and sea. The lion was attacked and the dolphin could not leave the water to help. Choose allies who can aid you."
50,Cenicienta (Fragmento),Cinderella (Fragment),Cenicienta corrió por las escaleras del palacio perdiendo uno de sus zapatos de cristal mientras el reloj daba las doce campanadas de la medianoche. Su hermoso vestido se transformó en harapos sencillos.,Cinderella ran down the palace stairs losing one of her glass slippers as the clock struck the twelve chimes of midnight. Her beautiful dress transformed back into simple rags.
51,Hansel y Gretel,Hansel and Gretel,"Hansel y Gretel eran hermanos que vivían con su padre y una malvada madrastra. Un día, la madrastra los abandonó en el bosque. Los niños encontraron una casa hecha de dulces y chocolate. Una bruja malvada los atrapó para comérselos. Gretel empujó a la bruja al horno y escaparon con tesoros. Volvieron a casa y vivieron felices con su padre para siempre.","Hansel and Gretel were siblings who lived with their father and a wicked stepmother. One day, the stepmother abandoned them in the forest. The children found a house made of candy and chocolate. An evil witch trapped them to eat them. Gretel pushed the witch into the oven and they escaped with treasures. They returned home and lived happily with their father forever."
52,Caperucita Roja,Little Red Riding Hood,"Una niña llamada Caperucita Roja llevaba una canasta para su abuelita enferma. En el bosque conoció a un lobo que le preguntó adónde iba. El lobo llegó primero a la casa de la abuelita, se la comió y se disfrazó con su ropa. Cuando Caperucita llegó, notó que su abuelita tenía orejas grandes y dientes enormes. Un cazador las salvó abriendo la panza del lobo.","A girl named Little Red Riding Hood carried a basket for her sick grandmother. In the forest she met a wolf who asked where she was going. The wolf arrived first at the grandmother's house, ate her, and dressed in her clothes. When Little Red arrived, she noticed her grandmother had big ears and huge teeth. A hunter saved them by cutting open the wolf's belly."
53,Ricitos de Oro,Goldilocks,"Una niña llamada Ricitos de Oro se perdió en el bosque y encontró una casa vacía. Entró sin permiso y probó tres tazas de sopa, tres sillas y tres camas. La más pequeña le pareció perfecta. Los tres osos que vivían allí regresaron y la encontraron durmiendo. Ella despertó asustada y salió corriendo hacia su casa, aprendiendo a no entrar en casas ajenas.","A girl named Goldilocks got lost in the forest and found an empty house. She entered without permission and tasted three bowls of soup, three chairs, and three beds. The smallest one seemed perfect. The three bears who lived there returned and found her sleeping. She woke up frightened and ran home, learning never to enter strangers' houses."
54,El Patito Feo,The Ugly Duckling,"Un patito nació más grande y gris que sus hermanitos amarillos. Todos se burlaban de su apariencia fea y lo rechazaban. Triste y solo, vagó por lagos y campos durante todo el invierno. Cuando llegó la primavera, descubrió que se había transformado en un hermoso cisne blanco. Todos lo admiraron y entendió que la belleza interior siempre brilla con el tiempo.","A duckling was born bigger and grayer than his yellow siblings. Everyone mocked his ugly appearance and rejected him. Sad and alone, he wandered through lakes and fields all winter. When spring arrived, he discovered he had transformed into a beautiful white swan. Everyone admired him and he understood that inner beauty always shines with time."
55,La Bella Durmiente,Sleeping Beauty,"Una princesa llamada Aurora fue maldita por una hada malvada: se pincharía el dedo con una rueca y dormiría cien años. A pesar de los cuidados de sus padres, la maldición se cumplió el día de sus dieciséis años. Todo el reino durmió con ella. Un valiente príncipe atravesó los muros de espinas y la despertó con un beso de amor verdadero, rompiendo el hechizo para siempre.","A princess named Aurora was cursed by an evil fairy: she would prick her finger on a spindle and sleep for a hundred years. Despite her parents' care, the curse came true on her sixteenth birthday. The entire kingdom slept with her. A brave prince crossed the walls of thorns and woke her with a kiss of true love, breaking the spell forever."
56,Blanca Nieves,Snow White,"Blanca Nieves era una princesa de piel blanca como la nieve. Su madrastra, una reina celosa, ordenó matarla por ser más hermosa. La joven escapó y vivió con siete enanitos en el bosque. La reina envenenó una manzana y la hizo caer en un sueño profundo. Un príncipe la despertó con un beso y la reina malvada recibió su merecido castigo finalmente.","Snow White was a princess with skin white as snow. Her stepmother, a jealous queen, ordered her killed for being more beautiful. The young girl escaped and lived with seven dwarfs in the forest. The queen poisoned an apple and made her fall into a deep sleep. A prince woke her with a kiss and the wicked queen finally received her deserved punishment."
57,Rapunzel,Rapunzel,"Una pareja robó una planta mágica de una bruja y como castigo la bruja les quitó a su hija. Rapunzel creció encerrada en una torre sin puertas. Su cabello dorado y largo servía como escalera. Un príncipe la escuchó cantar y subió por su pelo. La bruja descubrió su secreto, cortó el cabello y los separó. Finalmente, se reunieron y vivieron felices lejos de la torre.","A couple stole a magical plant from a witch and as punishment the witch took their daughter. Rapunzel grew up locked in a tower with no doors. Her long golden hair served as a ladder. A prince heard her sing and climbed her hair. The witch discovered their secret, cut the hair, and separated them. Finally, they reunited and lived happily away from the tower."
58,Rumpelstiltskin,Rumpelstiltskin,"Un molinero dijo al rey que su hija podía hilar paja y convertirla en oro. El rey la encerró en una habitación llena de paja. Un hombrecillo mágico apareció y le ofreció ayuda a cambio de su primer hijo. La joven aceptó desesperada. Cuando llegó el momento de pagar, descubrió el nombre del duende gritándolo en el bosque. El enano se enfureció y desapareció para siempre.","A miller told the king that his daughter could spin straw into gold. The king locked her in a room full of straw. A magical little man appeared and offered help in exchange for her first child. The young woman accepted desperately. When the time came to pay, she discovered the goblin's name by hearing it shouted in the woods. The dwarf raged and disappeared forever."
59,La Sirenita,The Little Mermaid,"Ariel era una joven sirena que soñaba con vivir en la tierra. Salvó a un príncipe de un naufragio y se enamoró de él. Para obtener piernas, hizo un trato con una bruja del mar, pero perdió su voz. El príncipe no reconoció su sacrificio y se casó con otra. En lugar de matarlo para salvarse, ella se convirtió en espuma con un acto de amor verdadero y purificador.","Ariel was a young mermaid who dreamed of living on land. She saved a prince from a shipwreck and fell in love with him. To get legs, she made a deal with a sea witch, but lost her voice. The prince did not recognize her sacrifice and married another. Instead of killing him to save herself, she turned into foam with an act of true and purifying love."
60,Pinocho,Pinocchio,"Geppetto talló un muñeco de madera llamado Pinocho que cobró vida gracias a un hada. Cada vez que mentía, su nariz crecía larga y curva. Pinocho desobedeció a su padre, se unió a un circo y casi se convierte en burro. Finalmente demostró su valentía y honestidad salvando a Geppetto de un monstruo marino. El hada lo transformó en un niño de verdad como recompensa.","Geppetto carved a wooden puppet named Pinocchio who came to life thanks to a fairy. Every time he lied, his nose grew long and curved. Pinocchio disobeyed his father, joined a circus, and nearly turned into a donkey. Finally he proved his courage and honesty by saving Geppetto from a sea monster. The fairy transformed him into a real boy as a reward."
61,Los Tres Cerditos,The Three Little Pigs,"Tres cerditos hermanos decidieron construir cada uno su propia casa. El primero la hizo de paja, el segundo de madera y el tercero de ladrillos. Un lobo hambriento sopló y derribó las dos primeras casas con facilidad. Los cerditos escaparon a la casa de ladrillos. El lobo intentó entrar por la chimenea, pero cayó en una olla de agua hirviendo y nunca más volvió a molestarlos.","Three pig brothers decided to build their own houses. The first made his of straw, the second of wood, and the third of bricks. A hungry wolf blew and knocked down the first two houses easily. The pigs escaped to the brick house. The wolf tried to enter through the chimney, but fell into a pot of boiling water and never bothered them again."
62,Pulgarcito,Tom Thumb,"Una pareja de campesinos deseaba tener un hijo, aunque fuera del tamaño de un pulgar. Su deseo se cumplió y Pulgarcito nació minúsculo pero muy inteligente. Fue secuestrado varias veces por animales y ladrones, pero siempre encontró la forma de escapar usando su astucia. Regresó a casa con una fortuna en monedas y vivió feliz junto a su amada familia para siempre.","A farming couple wished for a child, even if he were the size of a thumb. Their wish came true and Tom Thumb was born tiny but very clever. He was kidnapped several times by animals and thieves, but always found ways to escape using his wits. He returned home with a fortune in coins and lived happily with his beloved family forever."
63,El Gato con Botas,Puss in Boots,"Un molinero dejó a su hijo menor un gato como única herencia. El gato era astuto y le pidió un par de botas y una bolsa. Engañó a un ogro transformándose en un ratón, lo devoró y le quitó sus tierras. Presentó a su amo como el marqués de Carabás ante el rey. El joven se casó con la princesa gracias a la inteligencia y audacia de su gato leal y valiente.","A miller left his youngest son a cat as his only inheritance. The cat was clever and asked for a pair of boots and a bag. He tricked an ogre by transforming into a mouse, devoured him, and took his lands. He presented his master as the Marquis of Carabas to the king. The young man married the princess thanks to the intelligence and audacity of his loyal and brave cat."
64,La Bella y la Bestia,Beauty and the Beast,"Bella era una joven bondadosa que vivía with her poor father. Él entró a un castillo encantado y la Bestia lo capturó. Bella ofreció quedarse prisionera a cambio de la libertad de su padre. Con el tiempo, descubrió que la Bestia era en realidad un príncipe bajo un hechizo. Su amor verdadero rompió la maldición y el castillo volvió a brillar con magia y alegría eterna.","Belle was a kind young woman who lived with her poor father. He entered an enchanted castle and the Beast captured him. Belle offered to stay prisoner in exchange for her father's freedom. Over time, she discovered that the Beast was actually a prince under a spell. Her true love broke the curse and the castle shone again with magic and eternal joy."
65,Jack y las Habichuelas Mágicas,Jack and the Beanstalk,"Jack vendió su vaca por unas habichuelas mágicas que crecieron hasta el cielo durante la noche. Subió por el tallo y encontró un castillo donde vivía un ogro gigante. Robó un gallo de oro y un arpa mágica. El ogro lo persiguió, pero Jack cortó la habichuela y el gigante cayó. Con el tesoro, Jack y su madre vivieron sin preocupaciones económicas jamás.","Jack sold his cow for some magic beans that grew to the sky overnight. He climbed the stalk and found a castle where a giant ogre lived. He stole a golden hen and a magic harp. The ogre chased him, but Jack cut the beanstalk and the giant fell. With the treasure, Jack and his mother lived without economic worries ever again."
66,Aladino y la Lámpara Maravillosa,Aladdin and the Magic Lamp,"Aladino era un joven pobre que encontró una lámpara mágica en una cueva oscura. Al frotarla, apareció un genio poderoso que concedía tres deseos. Con su ayuda, construyó un palacio y se casó con la princesa. Un mago malvado intentó robarle la lámpara, pero Aladino recuperó su tesoro usando su ingenio. Vivió feliz gobernando con justicia y sabiduría eterna.","Aladdin was a poor young man who found a magic lamp in a dark cave. By rubbing it, a powerful genie appeared who granted three wishes. With his help, he built a palace and married the princess. An evil sorcerer tried to steal the lamp, but Aladdin recovered his treasure using his wit. He lived happily ruling with justice and eternal wisdom."
67,Ali Babá y los Cuarenta Ladrones,Ali Baba and the Forty Thieves,Ali Babá era un leñador que descubrió la cueva de unos ladrones y la palabra mágica para abrirla. Su hermano codicioso entró y no pudo salir. Los ladrones descubrieron a Ali Babá y planearon matarlo. Una sirvienta lista vertió aceite hirviendo sobre los bandidos escondidos en tinajas. Ali Babá quedó a salvo y heredó todo el tesoro de los malvados ladrones.,Ali Baba was a woodcutter who discovered a thieves' cave and the magic word to open it. His greedy brother entered and could not leave. The thieves discovered Ali Baba and planned to kill him. A clever servant poured boiling oil over the bandits hidden in jars. Ali Baba was saved and inherited all the treasure from the wicked thieves.
68,Simbad el Marino,Sinbad the Sailor,"Simbad era un marinero de Bagdad que vivió siete viajes extraordinarios llenos de peligros y maravillas. Encontró islas que eran gigantes peces, pájaros roc de plumas enormes y valles de diamantes. Luchó contra monstruos marinos y escapó de cuevas de gigantes. Cada regreso a casa lo hizo más rico y sabio. Sus historias inspiraron a generaciones de aventureros valientes.","Sinbad was a sailor from Baghdad who lived seven extraordinary voyages full of dangers and marvels. He found islands that were giant fish, rocs with enormous feathers, and valleys of diamonds. He fought sea monsters and escaped giants' caves. Each return home made him richer and wiser. His stories inspired generations of brave adventurers."
69,El Traje Nuevo del Emperador,The Emperor's New Clothes,"Un emperador vanidoso contrató a dos tramposos que dijeron tejer un traje invisible para tontos. Todos en la corte fingieron ver la ropa por miedo. Durante un desfile, un niño honesto gritó que el emperador iba desnudo. La multitud rompió en risas y el soberano comprendió que la vanidad lo había cegado ante la verdad más simple y evidente del mundo entero.","A vain emperor hired two swindlers who said they would weave an invisible suit for fools. Everyone at court pretended to see the clothes out of fear. During a parade, an honest child shouted that the emperor was naked. The crowd burst into laughter and the sovereign realized that vanity had blinded him to the simplest and most evident truth in the whole world."
70,El Soldadito de Plomo,The Steadfast Tin Soldier,"Había una vez un soldadito de plomo con una sola pierna. Se enamoró de una bailarina de papel que vivía en la misma habitación. Un sapo malvado lo empujó a la calle y viajó por alcantarillas y ríos. Un pez enorme se lo tragó, pero lo rescataron. Finalmente, una corriente de aire lo lanzó a la chimenea. La bailarina voló tras él y ambos se unieron en cenizas de amor eterno.","Once upon a time there was a tin soldier with only one leg. He fell in love with a paper ballerina who lived in the same room. An evil goblin pushed him into the street and he traveled through drains and rivers. A huge fish swallowed him, but he was rescued. Finally, a draft of air threw him into the fireplace. The ballerina flew after him and they united in ashes of eternal love."
71,La Princesa y el Guisante,The Princess and the Pea,"Un príncipe quería casarse con una princesa auténtica. Una noche, durante una tormenta, llegó una joven empapada pidiendo refugio. La reina puso un guisante debajo de veinte colchones para probarla. A la mañana siguiente, la joven dijo que no durmió nada por algo duro en la cama. Así se demostró que era una verdadera princesa y se casó con el príncipe felizmente.","A prince wanted to marry a real princess. One night, during a storm, a soaked young woman arrived asking for shelter. The queen placed a pea under twenty mattresses to test her. The next morning, the young woman said she had not slept because of something hard in the bed. Thus it was proven that she was a true princess and she happily married the prince."
72,La Pequeña Vendedora de Cerillos,The Little Match Girl,"En una noche fría de invierno, una niña pobre vendía cerillos en las calles heladas. Tenía miedo de regresar a casa porque su padre la castigaría por no vender nada. Encendió los cerillos para calentarse y vio visiones maravillosas de comida, un árbol de Navidad y su abuelita fallecida. Al amanecer, la encontraron tranquila, sonriendo, reunida con su abuela en el cielo.","On a cold winter night, a poor little girl sold matches on the frozen streets. She was afraid to return home because her father would punish her for selling nothing. She lit the matches to warm herself and saw wonderful visions of food, a Christmas tree, and her deceased grandmother. At dawn, they found her peaceful, smiling, reunited with her grandmother in heaven."
73,La Reina de las Nieves,The Snow Queen,"Kay y Gerda eran mejores amigos hasta que un espejo mágico y la Reina de las Nieves congelaron el corazón de Kay. Gerda emprendió un viaje épico a través de bosques y palacios helados para salvarlo. Con lágrimas de amor verdadero, derritió el hielo de su corazón y liberó a su amigo. Juntos regresaron a casa, más fuertes y unidos que nunca antes en sus vidas.","Kay and Gerda were best friends until a magic mirror and the Snow Queen froze Kay's heart. Gerda undertook an epic journey through forests and frozen palaces to save him. With tears of true love, she melted the ice in his heart and freed her friend. Together they returned home, stronger and more united than ever before in their lives."
74,El Sastrecillo Valiente,The Brave Little Tailor,"Un sastre mató siete moscas de un solo golpe y se hizo una cinta que decía así. Los gigantes del reino lo desafiaron a pruebas de fuerza. Usando su astucia, engañó a los gigantes para que pelearan entre ellos. Luego venció a un jabalí y a un unicornio. El rey, impresionado, le dio la mano de su hija y mitad del reino como premio a su valentía y astucia incomparables.","A tailor killed seven flies at one blow and made a sash that said so. The giants of the kingdom challenged him to tests of strength. Using his cunning, he tricked the giants into fighting each other. Then he defeated a boar and a unicorn. The king, impressed, gave him his daughter's hand and half the kingdom as a reward for his incomparable bravery and wit."
75,El Príncipe Rana,The Frog Prince,"Una princesa dejó caer su pelota de oro favorita a un pozo profundo. Una rana se la recuperó a cambio de que ella la besara y la dejara comer de su plato. La princesa, disgustada, cumplió a regañadientes. Al besar a la rana, esta se transformó en un príncipe hermoso que estaba bajo un hechizo. Se casaron y vivieron felices en un reino cercano con gran prosperidad.","A princess dropped her favorite golden ball into a deep well. A frog recovered it in exchange for a kiss and permission to eat from her plate. The princess, disgusted, reluctantly agreed. Upon kissing the frog, it transformed into a handsome prince who was under a spell. They married and lived happily in a nearby kingdom with great prosperity."
76,El Flautista de Hamelín,The Pied Piper of Hamelin,"La ciudad de Hamelín sufría una plaga de ratas. Un misterioso flautista ofreció eliminarlas por una bolsa de oro. Con su música encantada, los roedores siguieron su flauta al río y se ahogaron. El alcalde se negó a pagar. Como venganza, el flautista tocó otra melodía y todos los niños de la ciudad lo siguieron hasta una montaña, desapareciendo para siempre de Hamelín.","The city of Hamelin suffered a plague of rats. A mysterious piper offered to eliminate them for a bag of gold. With his enchanted music, the rodents followed his pipe to the river and drowned. The mayor refused to pay. As revenge, the piper played another melody and all the children of the city followed him to a mountain, disappearing from Hamelin forever."
77,El Hombre de Jengibre,The Gingerbread Man,"Una anciana horneó un hombre de jengibre que cobró vida y escapó corriendo de la casa. Cruzó campos y bosques mientras cantaba que nadie podía atraparlo. Encontró un río ancho que no podía cruzar. Un zorro astuto le ofreció ayuda llevándolo sobre su lomo y nariz. Al llegar al otro lado, el zorro lo engañó y se lo comió de un solo bocado crujiente y delicioso.","An old woman baked a gingerbread man who came to life and ran away from the house. He crossed fields and forests while singing that no one could catch him. He found a wide river he could not cross. A clever fox offered help by carrying him on his back and snout. Upon reaching the other side, the fox tricked him and ate him in one crunchy and delicious bite."
78,Los Músicos de Bremen,The Bremen Town Musicians,"Un burro viejo, un perro, un gato y un gallo decidieron ir a Bremen para ser músicos. En el camino, encontraron una casa de ladrones. Subieron al tejado y cantaron con todas sus fuerzas. Los ladrones huyeron aterrorizados. Los animales ocuparon la casa, comieron bien y durmieron tranquilo, demostrando que la valentía no depende de la edad ni del tamaño corporal.","An old donkey, a dog, a cat, and a rooster decided to go to Bremen to become musicians. On the way, they found a robbers' house. They climbed onto the roof and sang with all their might. The robbers fled in terror. The animals occupied the house, ate well, and slept peacefully, proving that bravery does not depend on age or body size."
79,El Lobo y los Siete Cabritos,The Wolf and the Seven Young Goats,"Una cabra madre salió y advirtió a sus siete cabritos no abrir la puerta a nadie. Un lobo astuto llegó y fingió ser la madre con una voz disfrazada. Los cabritos notaron sus grandes uñas negras y no abrieron. El lobo volvió con harina en las patas y engañó a todos menos al más pequeño escondido en el reloj. La madre regresó, abrió la panza del lobo y salvó a sus hijos.","A mother goat left and warned her seven kids not to open the door to anyone. A cunning wolf arrived and pretended to be the mother with a disguised voice. The kids noticed his big black nails and did not open. The wolf returned with flour on his paws and fooled all except the smallest hidden in the clock. The mother returned, opened the wolf's belly, and saved her children."
80,El Príncipe y el Mendigo,The Prince and the Pauper,"Tom Canty era un pobre mendigo y Eduardo era príncipe de Inglaterra. Se encontraron y se sorprendieron al verse idénticos. Cambiaron de ropa por diversión, pero la situación se complicó. Eduardo vivió las penurias del pueblo mientras Tom aprendía a gobernar. Finalmente, Eduardo recuperó el trono y nombró a Tom su consejero real, cerrando la brecha entre ricos y pobres con justicia.","Tom Canty was a poor beggar and Edward was Prince of England. They met and were surprised to look identical. They switched clothes for fun, but the situation got complicated. Edward lived the hardships of the people while Tom learned to rule. Finally, Edward recovered the throne and named Tom his royal advisor, closing the gap between rich and poor with justice."
81,Peter Pan,Peter Pan,"Peter Pan era un niño que nunca crecía y vivía en el País de Nunca Jamás. Visitó a Wendy y sus hermanos y los llevó volando a su isla mágica. Allí enfrentaron al Capitán Garfio y sus piratas. Peter luchó con valentía y derrotó al villano. Los niños decidieron regresar a Londres, pero Peter se quedó en su isla, simbolizando la eterna juventud y el espíritu libre de la infancia pura.","Peter Pan was a boy who never grew up and lived in Neverland. He visited Wendy and her brothers and flew them to his magical island. There they faced Captain Hook and his pirates. Peter fought bravely and defeated the villain. The children decided to return to London, but Peter stayed on his island, symbolizing eternal youth and the free spirit of pure childhood."
82,El Mago de Oz,The Wizard of Oz,"Dorothy fue llevada por un tornado al mágico mundo de Oz. Su casa aplastó a una bruja mala. Para regresar a Kansas, siguió el camino de baldosas amarillas hasta la Ciudad Esmeralda. En el camino conoció a un espantapájaros sin cerebro, a un hombre de hojalata sin corazón y a un león cobarde. Juntos vencieron a la bruja del Oeste y el Mago les reveló que el poder siempre estuvo dentro de ellos.","Dorothy was carried by a tornado to the magical land of Oz. Her house crushed a wicked witch. To return to Kansas, she followed the yellow brick road to the Emerald City. Along the way she met a scarecrow without a brain, a tin man without a heart, and a cowardly lion. Together they defeated the Witch of the West and the Wizard revealed that the power was always within them."
83,Alicia en el País de las Maravillas,Alice in Wonderland,"Alicia siguió a un conejo blanco con reloj hasta una madriguera profunda. Cayó a un mundo extraño donde bebió pociones que la encogían y comió pasteles que la agrandaban. Conoció al Sombrerero Loco, la Oruga y la Reina de Corazones. La reina la acusó injustamente y Alicia despertó justo antes de la sentencia. Todo había sido un sueño lleno de fantasía y locura encantadora.","Alice followed a white rabbit with a watch down a deep hole. She fell into a strange world where she drank potions that shrank her and ate cakes that made her grow. She met the Mad Hatter, the Caterpillar, and the Queen of Hearts. The queen unjustly accused her and Alice woke up just before the sentence. Everything had been a dream full of fantasy and enchanting madness."
84,El Libro de la Selva,The Jungle Book,"Mowgli era un niño criado por lobos en la selva de la India. Su mejor amigo era la pantera Bagheera y el oso Baloo le enseñó la ley de la jungla. El tigre Shere Khan lo amenazaba constantemente por ser humano. Mowgli usó fuego para vencer al tigre y proteger a su manada. Finalmente, regresó a la aldea de los hombres, pero siempre recordó a su familia de animales salvajes.","Mowgli was a boy raised by wolves in the jungles of India. His best friend was the panther Bagheera and the bear Baloo taught him the law of the jungle. The tiger Shere Khan constantly threatened him for being human. Mowgli used fire to defeat the tiger and protect his pack. Finally, he returned to the village of men, but always remembered his family of wild animals."
85,Heidi,Heidi,"Heidi era una niña huérfana que vivió con su abuelito en los Alpes suizos. Amaba las montañas, las cabras y las flores silvestres. Su tía la llevó a la ciudad para acompañar a una niña enferma en silla de ruedas. Heidi extrañaba tanto el campo que enfermó. Al regresar, llevó a su amiga Clara a la montaña. El aire puro y la alegría lograron que Clara caminara por primera vez en años.","Heidi was an orphan girl who lived with her grandfather in the Swiss Alps. She loved the mountains, goats, and wildflowers. Her aunt took her to the city to accompany a sick girl in a wheelchair. Heidi missed the countryside so much that she became ill. Upon returning, she brought her friend Clara to the mountain. The pure air and joy made Clara walk for the first time in years."
86,El Principito,The Little Prince,"Un piloto perdido en el desierto conoció a un pequeño príncipe venido de un asteroide diminuto. El Principito viajaba por el universo visitando planetas extraños con habitantes absurdos. Cuidaba una rosa caprichosa y domesticó a un zorro que le enseñó que lo esencial es invisible a los ojos. Antes de partir, le regaló estrellas que reirían cuando el piloto mirara el cielo nocturno con amor.","A pilot lost in the desert met a little prince from a tiny asteroid. The Little Prince traveled the universe visiting strange planets with absurd inhabitants. He cared for a capricious rose and tamed a fox who taught him that what is essential is invisible to the eyes. Before leaving, he gifted him stars that would laugh when the pilot looked at the night sky with love."
87,Mary Poppins,Mary Poppins,"Mary Poppins llegó volando con su paraguas a la casa de los Banks para cuidar de Jane y Michael. Era una niñera mágica que sacaba objetos imposibles de su bolso y hacía viajes por el techo. Llevó a los niños a encontrarse con estrellas de circo y animales parlantes. Cuando la familia aprendió a valorarse, ella se despidió y voló lejos, dejando recuerdos inolvidables de magia y disciplina amorosa.","Mary Poppins arrived flying with her umbrella to the Banks' house to care for Jane and Michael. She was a magical nanny who pulled impossible objects from her bag and took trips across the ceiling. She took the children to meet circus stars and talking animals. When the family learned to value each other, she said goodbye and flew away, leaving unforgettable memories of magic and loving discipline."
88,El Jardín Secreto,The Secret Garden,"Mary Lennox era una niña huérfana enviada a vivir con su tío en un sombrío castillo inglés. Descubrió una puerta escondida detrás de una enredadera que daba a un jardín abandonado. Con la ayuda de un jardinero y su primo enfermo, restauraron las flores y los rosales. El jardín floreció y con él, la salud y la alegría de todos. Mary aprendió que la naturaleza sana el alma y une corazones rotos.","Mary Lennox was an orphan girl sent to live with her uncle in a gloomy English castle. She discovered a hidden door behind an ivy vine that led to an abandoned garden. With the help of a gardener and her sick cousin, they restored the flowers and rosebushes. The garden bloomed and with it, the health and joy of everyone. Mary learned that nature heals the soul and unites broken hearts."
89,Pollyanna,Pollyanna,"Pollyanna era una niña optimista que jugaba al juego de la alegría, buscando algo bueno en cada situación difícil. Llegó a vivir con su tía amargada en un pueblo pequeño. Con su sonrisa contagiosa, transformó la vida de todos los vecinos. Un accidente la dejó sin poder caminar, pero todo el pueblo vino a apoyarla. Su positividad la ayudó a recuperarse y demostró que la actitud cambia el destino.","Pollyanna was an optimistic girl who played the glad game, finding something good in every difficult situation. She came to live with her bitter aunt in a small town. With her contagious smile, she transformed the lives of all the neighbors. An accident left her unable to walk, but the whole town came to support her. Her positivity helped her recover and proved that attitude changes destiny."
90,El Grillo Feliz,The Happy Cricket,"Un grillo alegre cantaba cada noche en el jardín de una familia humilde. Su música alegraba a todos los vecinos y espantaba la tristeza de la casa. Un día, un sapo envidioso intentó acallarlo, pero los niños del barrio protegieron al grillo. Su canto trajo buena suerte y cosechas abundantes. Desde entonces, todos aprendieron que la música y la alegría son tesoros que nunca deben perderse.","A happy cricket sang every night in the garden of a humble family. His music cheered all the neighbors and banished sadness from the house. One day, an envious toad tried to silence him, but the neighborhood children protected the cricket. His song brought good luck and abundant harvests. Since then, everyone learned that music and joy are treasures that must never be lost."
91,El Zorro y el Diablo,The Fox and the Devil,"Un zorro astuto hizo un trato con el diablo para obtener cola más larga y brillante. A cambio, debía engañar a cien animales en un año. El zorro logró noventa y nueve engaños, pero el último fue un erizo sabio que lo hizo caer en su propia trampa. El diablo se rio y le quitó todo. El zorro aprendió que la astucia mal usada siempre vuelve contra quien la practica con maldad.","A clever fox made a deal with the devil to get a longer and shinier tail. In exchange, he had to trick a hundred animals in a year. The fox achieved ninety-nine deceptions, but the last was a wise hedgehog who made him fall into his own trap. The devil laughed and took everything away. The fox learned that misused cunning always comes back against whoever practices it with evil."
92,El Pájaro de Fuego,The Firebird,"Un zar mandó a su hijo a capturar el legendario pájaro de fuego que robaba manzanas de oro del jardín real. El príncipe viajó por tierras lejanas y encontró al ave brillante en un bosque oscuro. En lugar de capturarla, le pidió una pluma como prueba. El pájaro accedió y le concedió tres deseos mágicos. Con sabiduría, el príncipe usó los deseos para traer paz y prosperidad a todo su reino.","A czar sent his son to capture the legendary firebird that stole golden apples from the royal garden. The prince traveled through distant lands and found the shining bird in a dark forest. Instead of capturing it, he asked for a feather as proof. The bird agreed and granted him three magic wishes. Wisely, the prince used the wishes to bring peace and prosperity to his entire kingdom."
93,La Cenicienta (Historia Completa),Cinderella (Full Story),"Cenicienta vivía con su madrastra malvada y dos hermanas envidiosas que la obligaban a trabajar como sirvienta. Su hada madrina apareció y transformó una calabaza en carruaje, ratones en caballos y su vestido en un traje de baile deslumbrante. Bailó con el príncipe, pero a medianoche huyó dejando un zapato de cristal. El príncipe probó el zapato en todo el reino hasta encontrarla. Se casaron y vivieron felices para siempre.","Cinderella lived with her wicked stepmother and two jealous stepsisters who forced her to work as a servant. Her fairy godmother appeared and turned a pumpkin into a carriage, mice into horses, and her dress into a dazzling ball gown. She danced with the prince, but at midnight she fled leaving a glass slipper. The prince tried the slipper throughout the kingdom until he found her. They married and lived happily ever after."
94,La Bella Durmiente del Bosque,Sleeping Beauty of the Wood,"Un rey y una reina deseaban un hijo durante muchos años. Finalmente, una princesa nació y tres hadas buenas le dieron dones mágicos. Una bruja no invitada maldijo a la bebé con la muerte al pincharse el dedo. La tercera hada suavizó la maldición con un sueño profundo de cien años. Un príncipe valiente rompió el encantamiento con un beso y despertó a toda la corte con alegría inmensa.","A king and queen wished for a child for many years. Finally, a princess was born and three good fairies gave her magical gifts. An uninvited witch cursed the baby with death upon pricking her finger. The third fairy softened the curse with a deep sleep of a hundred years. A brave prince broke the enchantment with a kiss and awakened the entire court with immense joy."
95,El Dragón y el Valle,The Dragon and the Valley,"Había una vez un dragón que protegía un valle verde de invasores codiciosos. Los aldeanos temían su fuego, pero un día una sequía amenazó con destruir sus cosechas. El dragón usó su aliento para derretir glaciares lejanos y traer agua al valle. Los campesinos comprendieron que el dragón no era un monstruo, sino un guardián benevolente. Desde entonces, le ofrendan frutas frescas cada primavera con amor.","Once upon a time, a dragon protected a green valley from greedy invaders. The villagers feared his fire, but one day a drought threatened to destroy their crops. The dragon used his breath to melt distant glaciers and bring water to the valley. The peasants understood that the dragon was not a monster, but a benevolent guardian. Since then, they offer him fresh fruits every spring with love."
96,El Ciervo y la Sombra,The Deer and the Shadow,"Un ciervo majestuoso se detuvo a beber en un lago claro. Admiró sus astas enormes reflejadas en el agua, pero se avergonzó de sus patas delgadas. De pronto, un león apareció entre los arbustos. El ciervo corrió por la llanura y sus patas rápidamente lo llevaron lejos. Luego entró al bosque, donde sus astas se enredaron en las ramas y el león lo atrapó. Lamentó no valorar sus verdaderas fortalezas.","A majestic deer stopped to drink from a clear lake. He admired his huge antlers reflected in the water, but was ashamed of his slender legs. Suddenly, a lion appeared among the bushes. The deer ran across the plain and his fast legs carried him far. Then he entered the forest, where his antlers got tangled in branches and the lion caught him. He regretted not valuing his true strengths."
97,El Castillo Encantado,The Enchanted Castle,"En lo alto de una montaña nevada habitaba un castillo encantado por una hechicera hace siglos. Nadie podía entrar ni salir por los muros de hielo. Una joven tejedora subió la torre en Nochebuena y tocó la cuerda con devoción pura. La campana resonó con un sonido celestial que se oyó en todo el valle nevado. Los aldeanos lloraron de emoción y la maldición se rompió. Desde entonces, solo suena cuando alguien toca con verdadera fe en el corazón.","At the top of a snowy mountain stood a castle enchanted by a sorceress centuries ago. No one could enter or leave through the ice walls. A young weaver climbed the tower on Christmas Eve and touched the rope with pure devotion. The bell resonated with a heavenly sound heard throughout the snowy valley. The villagers wept with emotion and the curse was broken. Since then, it only rings when someone touches it with true faith in their heart."
98,El Pozo Mágico,The Magic Well,"En un pueblo olvidado existía un pozo que concedía deseos una vez al año. Un avaro pidió oro infinito y quedó atrapado en una montaña de monedas. Una niña pidió salud para su abuela y recibió flores curativas. Un anciano pidió lluvia para sus campos y obtuvo una temporada de abundancia. Los aldeanos aprendieron que los deseos egoístas traen prisiones, mientras que los generosos traen bendiciones verdaderas.","In a forgotten village there was a well that granted wishes once a year. A miser asked for infinite gold and got trapped in a mountain of coins. A girl asked for health for her grandmother and received healing flowers. An old man asked for rain for his fields and got a season of abundance. The villagers learned that selfish wishes bring prisons, while generous ones bring true blessings."
99,El Árbol Que Hablaba,The Talking Tree,"Un roble centenario en el bosque adquirió la capacidad de hablar tras ser tocado por un rayo mágico. Los animales acudían a pedirle consejo. Un día, un leñador quiso cortarlo para hacer un barco. Los pájaros, ardillas y ciervos se reunieron y mostraron al hombre cuántas vidas dependían del árbol. El leñador cambió de oficio y se convirtió en el guardabosques más respetado de la región.","A century-old oak in the forest gained the ability to speak after being touched by a magic lightning bolt. The animals came to ask for advice. One day, a woodcutter wanted to cut it down to make a boat. The birds, squirrels, and deer gathered and showed the man how many lives depended on the tree. The woodcutter changed professions and became the most respected ranger in the region."
100,El Espejo Mágico,The Magic Mirror,"Una reina poseía un espejo que mostraba la verdad del corazón de quien se miraba. Los cortesanos veían reflejos de sus ambiciones ocultas. Un día, una sirvienta humilde se miró y vio solo bondad. La reina, celosa, ordenó destruir el espejo, pero este se volvió más brillante. La sirvienta se convirtió en la nueva soberana y usó el espejo para enseñar honestidad a todos sus súbditos con justicia.","A queen owned a mirror that showed the truth of the heart of whoever looked into it. The courtiers saw reflections of their hidden ambitions. One day, a humble servant looked and saw only goodness. The queen, jealous, ordered the mirror destroyed, but it became brighter. The servant became the new sovereign and used the mirror to teach honesty to all her subjects with justice."
101,El Caballo de Troya,The Trojan Horse,"Los griegos lucharon diez años contra Troya sin poder entrar a la ciudad. Construyeron un caballo de madera gigante y lo dejaron como regalo frente a las puertas. Los troyanos, confiados, lo introdujeron dentro. De noche, los soldados griegos escondidos salieron y abrieron las puertas. Los griegos conquistaron Troya. La historia enseña que no siempre los regalos traen la paz que prometen aparentar.","The Greeks fought for ten years against Troy without being able to enter the city. They built a giant wooden horse and left it as a gift in front of the gates. The Trojans, confident, brought it inside. At night, the hidden Greek soldiers came out and opened the gates. The Greeks conquered Troy. The story teaches that gifts do not always bring the peace they appear to promise."
102,El Ciervo Encantado,The Enchanted Deer,"Un príncipe fue convertido en ciervo por una bruja malvada por rechazar su amor. Vivió muchos años en el bosque hasta que una princesa bondadosa lo encontró. Ella reconoció su alma humana en los ojos del animal. Con un beso sincero y una lágrima de compasión, rompió el hechizo. El príncipe recuperó su forma y ambos gobernaron el reino con sabiduría, amor y respeto por todas las criaturas vivientes.","A prince was turned into a deer by an evil witch for rejecting her love. He lived many years in the forest until a kind princess found him. She recognized his human soul in the animal's eyes. With a sincere kiss and a tear of compassion, she broke the spell. The prince regained his form and both ruled the kingdom with wisdom, love, and respect for all living creatures."
103,La Fuente de los Deseos,The Wishing Fountain,En la plaza central de un pueblo italiano había una fuente antigua. Se decía que arrojar una moneda con intención pura hacía realidad un sueño. Un artista pidió inspiración y pintó su obra maestra. Un médico pidió conocimiento y curó enfermedades incurables. Un niño pidió amistad y encontró un perro leal. La fuente nunca se secó porque la esperanza y la fe de la gente la mantenían viva eternamente.,In the central square of an Italian village there was an ancient fountain. It was said that throwing a coin with pure intention made a dream come true. An artist asked for inspiration and painted his masterpiece. A doctor asked for knowledge and cured incurable diseases. A child asked for friendship and found a loyal dog. The fountain never ran dry because the people's hope and faith kept it alive eternally.
104,El Barco de Papel,The Paper Boat,"Un niño plegó un barco de papel y lo lanzó en un arroyo después de la lluvia. El barco viajó kilómetros por ríos y canales, pasando bajo puentes de piedra y molinos antiguos. Una niña lo encontró a la orilla del mar y lo guardó en su cuarto. Años después, ambos se conocieron en la universidad y reconocieron el barco como símbolo de un destino que une a las almas destinadas a encontrarse.","A boy folded a paper boat and launched it in a stream after the rain. The boat traveled for miles through rivers and canals, passing under stone bridges and old mills. A girl found it on the seashore and kept it in her room. Years later, they met at university and recognized the boat as a symbol of a destiny that unites souls meant to find each other."
105,El León y el Mosquito,The Lion and the Mosquito,"Un mosquito se burló del gran león y le picó la nariz repetidamente. El león intentó aplastarlo con sus garras poderosas, pero el insecto era demasiado rápido. El león se cansó y se rindió humillado. El mosquito cantó victoria, pero voló directo a una telaraña y una araña lo atrapó. La moraleja es que el orgullo por pequeñas victorias puede llevarnos a caídas inesperadas y vergonzosas.","A mosquito mocked the great lion and bit his nose repeatedly. The lion tried to crush him with his powerful claws, but the insect was too fast. The lion grew tired and surrendered humiliated. The mosquito sang victory, but flew straight into a spiderweb and a spider trapped him. The moral is that pride in small victories can lead us to unexpected and shameful falls."
106,La Liebre y la Tortuga en la Ciudad,The Hare and the Tortoise in the City,"La liebre y la tortuga decidieron repetir su carrera en las calles de una gran metrópolis moderna. La liebre confió en los semáforos y el metro, pero se perdió entre el tráfico y las distracciones. La tortuga tomó un camino directo por el parque, cruzando puentes peatonales tranquilos. Llegó primero a la meta, demostrando que en un mundo acelerado, la paciencia y la constancia siguen siendo las mejores aliadas del éxito.","The hare and the tortoise decided to repeat their race on the streets of a great modern metropolis. The hare trusted traffic lights and the subway, but got lost among traffic and distractions. The tortoise took a direct path through the park, crossing quiet pedestrian bridges. She arrived first at the finish line, proving that in a fast-paced world, patience and perseverance remain the best allies of success."
107,El Elefante y la Hormiga,The Elephant and the Ant,"Un elefante gigante se burlaba de una hormiga diminuta en la sabana africana. La hormiga le prometió demostrar su fuerza. Esa noche, mientras el elefante dormía, la hormiga entró en su trompa y le hizo cosquillas. El elefante estornudó tan fuerte que despertó a toda la manada. Desde entonces, el elefante respetó a todos los seres, grandes o pequeños, porque cada criatura tiene poderes únicos e invaluables.","A giant elephant mocked a tiny ant in the African savanna. The ant promised to prove her strength. That night, while the elephant slept, the ant entered his trunk and tickled him. The elephant sneezed so hard that he woke the whole herd. Since then, the elephant respected all beings, big or small, because every creature has unique and invaluable powers."
108,La Paloma y la Hormiga,The Dove and the Ant,"Una hormiga cayó a un estanque y luchaba por mantenerse a flote. Una paloma posada en una rama cercana le arrojó una brizna de paja. La hormiga se aferró y llegó a la orilla seca. Más tarde, un cazador apuntó con su red a la paloma. La hormiga trepó por su pierna y le picó con fuerza. El cazador gritó y la paloma escapó. Así se demostró que la gratitud siempre encuentra la manera de devolver el favor.","An ant fell into a pond and struggled to stay afloat. A dove perched on a nearby branch threw her a straw. The ant held on and reached dry land. Later, a hunter aimed his net at the dove. The ant climbed his leg and bit him hard. The hunter yelled and the dove escaped. Thus it was shown that gratitude always finds a way to return the favor."
109,El Zorro y las Uvas Maduras,The Fox and the Ripe Grapes,"Un zorro joven encontró una parra cargada de uvas maduras y dulces al sol de otoño. Saltó una vez, dos veces y muchas más, pero las uvas colgaban demasiado alto. Un pájaro cantor le dijo que pidiera ayuda. El zorro, orgulloso, se negó y se marchó diciendo que estaban agrias. Nunca supo el sabor real del éxito porque dejó que el orgullo le robara la oportunidad de compartir y cooperar con otros.","A young fox found a vine loaded with ripe and sweet grapes in the autumn sun. He jumped once, twice, and many more times, but the grapes hung too high. A songbird told him to ask for help. The fox, proud, refused and walked away saying they were sour. He never knew the real taste of success because he let pride steal the opportunity to share and cooperate with others."
110,El Lobo y el Cordero,The Wolf and the Lamb,"Un lobo hambriento encontró a un cordero bebiendo agua río abajo. Quería comérselo sin culpa, así que lo acusó de enturbiar el agua. El cordero respondió que bebía aguas abajo y no podía ensuciar las de arriba. El lobo lo acusó de insultarle el año pasado. El cordero dijo que aún no había nacido. El lobo, sin más excusas, se lo comió de todos modos, demostrando que los malvados no necesitan razones.","A hungry wolf found a lamb drinking water downstream. He wanted to eat it without guilt, so he accused it of muddying the water. The lamb replied that he drank downstream and could not dirty the upstream water. The wolf accused him of insulting him last year. The lamb said he had not yet been born. The wolf, out of excuses, ate him anyway, proving that the wicked do not need reasons."
111,El Cuervo y el Zorro,The Crow and the Fox,"Un cuervo encontró un trozo de queso fresco en la ventana de una cocina. Voló a una rama alta para comer tranquilo. Un zorro hambriento pasó por debajo y lo elogió diciendo que tenía la voz más hermosa del bosque. El cuervo, halagado, abrió el pico para cantar. El queso cayó directo a las fauces del zorro. El cuervo aprendió que los halagos de extraños suelen esconder intenciones egoístas y peligrosas.","A crow found a piece of fresh cheese on a kitchen window. He flew to a high branch to eat in peace. A hungry fox passed below and praised him, saying he had the most beautiful voice in the forest. The crow, flattered, opened his beak to sing. The cheese fell straight into the fox's jaws. The crow learned that flattery from strangers usually hides selfish intentions and dangers."
112,El Ciervo y su Reflejo,The Deer and His Reflection,"Un ciervo se detuvo a beber en un río sereno. Admiró sus astas imponentes reflejadas en el agua cristalina, pero criticó sus patas flacas y débiles. De pronto, un león apareció entre los arbustos. El ciervo corrió por el llano y sus patas velozmente lo llevaron lejos. Luego entró al bosque, donde sus astas se enredaron en las ramas y el león lo alcanzó. Lamentó no valorar sus verdaderas fortalezas.","A deer stopped to drink from a serene river. He admired his imposing antlers reflected in the crystal water, but criticized his skinny and weak legs. Suddenly, a lion appeared among the bushes. The deer ran across the plain and his fast legs carried him far. Then he entered the forest, where his antlers got tangled in branches and the lion caught him. He regretted not valuing his true strengths."
113,El Oso y los Dos Amigos,The Bear and the Two Friends,Dos amigos caminaban por el bosque cuando un oso enorme apareció ante ellos. Uno subió rápido a un árbol sin ayudar al otro. El segundo se tiró al suelo y contuvo la respiración fingiendo estar muerto. El oso lo olfateó y se alejó pensando que era un cadáver. El amigo del árbol bajó y preguntó qué le había dicho el oso. Respondió que le aconsejó no viajar con amigos que te abandonan en el peligro.,Two friends were walking through the forest when a huge bear appeared before them. One quickly climbed a tree without helping the other. The second lay on the ground and held his breath pretending to be dead. The bear sniffed him and walked away thinking he was a corpse. The friend from the tree came down and asked what the bear had said to him. He replied that it advised him not to travel with friends who abandon you in danger.
114,El Pescador y el Genio,The Fisherman and the Genie,"Un pescador pobre sacó de las olas una botella de cobre antigua. Al abrirla, salió un genio humeante que juró matarlo por haberlo encerrado siglos. El pescador, asustado pero astuto, pidió demostrarle que un ser tan enorme cabía en una botella tan pequeña. El genio, vanidoso, entró de nuevo para demostrarlo. El pescador cerró la botella y la arrojó al fondo del mar, salvando su vida con ingenio.","A poor fisherman pulled an ancient copper bottle from the waves. Upon opening it, a smoking genie emerged who swore to kill him for having trapped him for centuries. The fisherman, frightened but clever, asked to prove that such a huge being could fit in such a small bottle. The genie, vain, entered again to prove it. The fisherman closed the bottle and threw it to the bottom of the sea, saving his life with wit."
115,El Hada de los Dientes,The Tooth Fairy,"Lucía perdió su primer diente de leche y lo colocó debajo de la almohada con esperanza. Esa noche, un hada diminuta con alas de mariposa voló por la ventana. Tomó el diente con delicadeza y dejó una moneda brillante junto a una nota de ánimo. Lucía despertó feliz y guardó el mensaje para siempre. El hada llevó el diente a su palacio de nubes, donde cada diente se convierte en una estrella infantil.","Lucia lost her first baby tooth and placed it under her pillow with hope. That night, a tiny fairy with butterfly wings flew through the window. She took the tooth delicately and left a shiny coin along with an encouraging note. Lucia woke up happy and kept the message forever. The fairy carried the tooth to her palace of clouds, where each tooth becomes a child star."
116,El Duende y el Zapatero,The Elves and the Shoemaker,"Un zapatero pobre solo le quedaba cuero para un par de zapatos. Cortó el material y se fue a dormir. Por la mañana, encontró un par perfecto hecho por duendecillos traviesos. Siguió cortando cuero cada noche y los duendes seguían fabricando zapatos hermosos. El zapatero se hizo rico y agradeció a sus ayudantes invisibles. Dejóles ropa nueva y zapatos miniatura, y los duendes bailaron felices toda la noche.","A poor shoemaker only had enough leather left for one pair of shoes. He cut the material and went to sleep. In the morning, he found a perfect pair made by mischievous little elves. He kept cutting leather each night and the elves kept making beautiful shoes. The shoemaker grew rich and thanked his invisible helpers. He left them new clothes and miniature shoes, and the elves danced happily all night."
117,La Campana de la Abadía,The Abbey Bell,"En una abadía medieval, una campana antigua no sonaba desde hacía décadas por una maldición. Un novicio humilde subió la torre en Nochebuena y tocó la cuerda con devoción pura. La campana resonó con un sonido celestial que se oyó en todo el valle nevado. Los aldeanos lloraron de emoción y la maldición se rompió. Desde entonces, solo suena cuando alguien toca con verdadera fe en el corazón.","In a medieval abbey, an ancient bell had not rung for decades due to a curse. A humble novice climbed the tower on Christmas Eve and touched the rope with pure devotion. The bell resonated with a heavenly sound heard throughout the snowy valley. The villagers wept with emotion and the curse was broken. Since then, it only rings when someone touches it with true faith in their heart."
118,El Castillo de Cristal,The Crystal Castle,"Un rey construyó un castillo de cristal para su hija en lo alto de una montaña. El castillo era hermoso pero frío y vacío. La princesa se sentía sola tras los muros transparentes. Un día, un jardinero le regaló una semilla de rosal. Plantó el rosal en el jardín de cristal y las flores coloridas atrajeron mariposas y pájaros. El castillo se llenó de vida, calor y amistad verdadera para siempre.","A king built a crystal castle for his daughter atop a mountain. The castle was beautiful but cold and empty. The princess felt lonely behind the transparent walls. One day, a gardener gave her a rose seed. She planted the rosebush in the crystal garden and the colorful flowers attracted butterflies and birds. The castle filled with life, warmth, and true friendship forever."
119,El Jinete Sin Cabeza,The Headless Horseman,"En un pueblo neoyorquino, un soldado perdió la cabeza en batalla y cabalgaba por los bosques buscándola cada noche de Halloween. Un maestro llamado Ichabod Crane se encontró con él en un puente oscuro. El jinete lanzó su calavera ardiente y Ichabod huyó despavorido para nunca más ser visto. Algunos dicen que fue llevado por el espectro, otros que simplemente huyó lejos del miedo que paraliza.","In a New York village, a soldier lost his head in battle and rode through the woods searching for it every Halloween night. A teacher named Ichabod Crane met him on a dark bridge. The horseman threw his burning skull and Ichabod fled in terror, never to be seen again. Some say he was taken by the specter, others that he simply ran far away from paralyzing fear."
120,La Leyenda del Trébol,The Legend of the Clover,"Eva buscaba desesperadamente un trébol de cuatro hojas en el prado. Un duende invisible la observaba y le dejó caer uno brillante a sus pies. Ella lo guardó en un libro viejo y desde ese día todo le salió bien. Cuando era anciana, le regaló el trébol a su nieta diciendo que la suerte no estaba en la planta, sino en creer que los milagros son posibles cuando el corazón permanece abierto y agradecido siempre.","Eva desperately searched for a four-leaf clover in the meadow. An invisible leprechaun watched her and dropped a shiny one at her feet. She kept it in an old book and from that day everything went well for her. When she was old, she gave the clover to her granddaughter saying that luck was not in the plant, but in believing that miracles are possible when the heart remains open and grateful always."
121,El Ruiseñor y la Rosa,The Nightingale and the Rose,"Un estudiante enamorado necesitaba una rosa roja para bailar con su amada. Un ruiseñor escuchó su llanto y ofreció su ayuda. Cantó toda la noche clavado en una espina de rosal, tiñendo la flor con su propia sangre. La rosa brilló carmesí al amanecer, pero la joven rechazó al estudiante por no tener joyas. El ruiseñor murió en vano, enseñando que el amor verdadero a menudo es subestimado por quienes no lo comprenden.","A student in love needed a red rose to dance with his beloved. A nightingale heard his weeping and offered help. He sang all night impaled on a rose thorn, dyeing the flower with his own blood. The rose glowed crimson at dawn, but the girl rejected the student for having no jewels. The nightingale died in vain, teaching that true love is often underestimated by those who do not understand it."
122,El Tesoro del Pirata,The Pirate's Treasure,"El capitán Barbanegra escondió un cofre de oro en una isla desierta antes de su muerte. Cien años después, dos niños encontraron un mapa en el ático de su abuelo. Navegaron con una balsa hasta la isla y siguieron pistas de piedras talladas. Cavaron bajo una palmera solitaria y hallaron monedas de oro, perlas negras y un diario del capitán. Donaron el tesoro al museo del pueblo y fueron héroes locales admirados por todos.","Captain Blackbeard hid a chest of gold on a deserted island before his death. A hundred years later, two children found a map in their grandfather's attic. They sailed on a raft to the island and followed carved stone clues. They dug under a solitary palm tree and found gold coins, black pearls, and the captain's diary. They donated the treasure to the town museum and became local heroes admired by all."
123,El Faro y la Tormenta,The Lighthouse and the Storm,"El viejo Tom cuidaba un faro en un acantilado escarpado desde hacía cuarenta años. Una noche, una tormenta terrible amenazaba con destruir el barco real que navegaba cerca. Tom encendió la luz principal y una lámpara de emergencia aunque el viento rompiera las ventanas. El barco vio la señal y cambió de rumbo a salvo. El rey lo condecoró, pero Tom dijo que su verdadera recompensa era salvar vidas en el mar oscuro.","Old Tom had cared for a lighthouse on a steep cliff for forty years. One night, a terrible storm threatened to destroy the royal ship sailing nearby. Tom lit the main light and an emergency lamp even though the wind broke the windows. The ship saw the signal and changed course to safety. The king decorated him, but Tom said his true reward was saving lives on the dark sea."
124,El Cisne Negro,The Black Swan,"En un lago australiano vivía un cisne negro diferente a todos los demás. Los cisnes blancos se burlaban de su plumaje oscuro y lo excluían de sus reuniones. Cuando llegó la migración, el cisne negro guió a la bandada a través de una tormenta usando su visión nocturna superior. Los demás cisnes le pidieron perdón y lo aceptaron como líder. Aprendieron que la diversidad es una fortaleza que enriquece a toda la comunidad.","In an Australian lake lived a black swan different from all the others. The white swans mocked his dark plumage and excluded him from their gatherings. When migration came, the black swan guided the flock through a storm using his superior night vision. The other swans begged his pardon and accepted him as leader. They learned that diversity is a strength that enriches the entire community."
125,La Flor de Loto,The Lotus Flower,"En un estanque fangoso nació una semilla de loto que soñaba con florecer. Los peces se burlaban de ella por crecer tan lento. La semilla persistió, enviando raíces profundas en la oscuridad. Un día, brotó sobre la superficie y abrió pétalos de color rosa perfecto. Su perfume dulce llenó el aire y los peces callaron avergonzados. La flor demostró que la belleza más pura emerge de las adversidades más profundas.","In a muddy pond, a lotus seed was born that dreamed of blooming. The fish mocked her for growing so slowly. The seed persisted, sending deep roots into the darkness. One day, she sprouted above the surface and opened perfect pink petals. Her sweet perfume filled the air and the fish fell silent in shame. The flower proved that the purest beauty emerges from the deepest adversities."
126,El Águila y el Escarabajo,The Eagle and the Beetle,"Un águila capturó a una liebre que pedía ayuda desesperada. Un pequeño escarabajo intercedió por ella, pero el águila se burló de su tamaño y devoró a la liebre. El escarabajo vengativo destruyó los huevos del águila una y otra vez. El águila, desesperada, pidió ayuda a Júpiter, pero el escarabajo escondió una bola de estiércol sobre sus rodillas. El águila aprendió que incluso los más pequeños merecen respeto y consideración.","An eagle captured a hare who begged for help desperately. A small beetle interceded for her, but the eagle mocked his size and devoured the hare. The vengeful beetle destroyed the eagle's eggs again and again. The eagle, desperate, asked Jupiter for help, but the beetle hid a ball of dung on his lap. The eagle learned that even the smallest deserve respect and consideration."
127,El Camello y la Balsa,The Camel and the Raft,"Un camello soberbio cruzaba el desierto cargando especias para el mercado. Encontró una balsa de madera en un oasis y se burló de ella por no tener patas ni fuerza. De pronto, una tormenta de arena cambió el curso de un río y el camello quedó atrapado. La balsa flotó hacia él y lo llevó a tierra firme. El camello, humilde al fin, prometió nunca más juzgar a otros por su apariencia externa.","A proud camel crossed the desert carrying spices to the market. He found a wooden raft at an oasis and mocked it for having no legs or strength. Suddenly, a sandstorm changed the course of a river and the camel got trapped. The raft floated toward him and carried him to dry land. The camel, finally humble, promised never again to judge others by their external appearance."
128,El Panda y el Bambú,The Panda and the Bamboo,"Panda era el único oso de su especie en el valle y se sentía solo entre tantos animales diferentes. Un día, plantó una semilla de bambú y la cuidó con paciencia. La semilla creció hasta convertirse en un bosquecillo denso y verde. Otros pandas llegaron atraídos por el bambú y formaron una gran familia. Panda entendió que un solo acto de generosidad puede crear un hogar donde antes solo existía la soledad vacía.","Panda was the only bear of his species in the valley and felt lonely among so many different animals. One day, he planted a bamboo seed and cared for it with patience. The seed grew into a dense and green grove. Other pandas arrived attracted by the bamboo and formed a large family. Panda understood that a single act of generosity can create a home where only empty loneliness existed before."
129,El Koala y el Eucalipto,The Koala and the Eucalyptus,"Koko el koala era muy selectivo y solo comía hojas de eucalipto de ciertos árboles altos. Durante un incendio forestal, los árboles grandes ardieron y Koko perdió su fuente de alimento. Un ornitorrinco anciano le mostró cómo las hojas jóvenes de eucalipto también eran nutritivas. Koko adaptó su dieta, sobrevivió al invierno y enseñó a sus crías que la flexibilidad es esencial cuando el mundo cambia de repente y sin avisar.","Koko the koala was very picky and only ate eucalyptus leaves from certain tall trees. During a wildfire, the large trees burned and Koko lost his food source. An old platypus showed him how young eucalyptus leaves were also nutritious. Koko adapted his diet, survived the winter, and taught his cubs that flexibility is essential when the world changes suddenly and without warning."
130,La Mariposa y la Oruga,The Butterfly and the Caterpillar,"Una oruga se arrastraba lentamente por una rama soñando con volar. Una mariposa colorida se posó junto a ella y le habló de las flores que visitaba en el cielo. La oruga se encerró en un capullo oscuro durante semanas. Cuando emergió, tenía alas hermosas y grandes. Voló junto a su amiga mariposa y comprendió que los periodos de oscuridad y transformación son necesarios para alcanzar nuestra verdadera forma y propósito vital.","A caterpillar crawled slowly along a branch dreaming of flying. A colorful butterfly landed beside her and told her of the flowers she visited in the sky. The caterpillar enclosed herself in a dark cocoon for weeks. When she emerged, she had beautiful large wings. She flew alongside her butterfly friend and understood that periods of darkness and transformation are necessary to reach our true form and vital purpose."
131,El Pez de Colores,The Colorful Fish,"En un arrecife de coral vivía un pez con escamas de todos los colores del arcoíris. Los demás peces lo envidiaban y se apartaban de él. Un día, una red de pescador atrapó a la mayoría de la escuela. El pez colorido, al ser más visible, no fue capturado por confundirse con coral. Liberó a sus compañeros mordiendo las redes. Desde entonces, todos apreciaron que ser diferente puede ser una ventaja escondida.","On a coral reef lived a fish with scales of all the colors of the rainbow. The other fish envied him and stayed away. One day, a fisherman's net caught most of the school. The colorful fish, being more visible, was not caught because he was mistaken for coral. He freed his companions by biting the nets. Since then, everyone appreciated that being different can be a hidden advantage."
132,El Gato y el Ratón Amigos,The Cat and the Mouse Friends,"Un gato y un ratón decidieron guardar juntos un trozo de queso para el invierno. Escondieron el queso bajo un árbol sagrado y prometieron no tocarlo hasta la nieve. El gato fue varias veces en secreto a comer poco a poco. Cuando llegó el invierno, solo quedaba la corteza. El ratón, triste pero sabio, aprendió que la codicia destruye la amistad y que solo la honestidad construye lazos verdaderos y duraderos.","A cat and a mouse decided to keep a piece of cheese together for winter. They hid the cheese under a sacred tree and promised not to touch it until the snow. The cat went secretly several times to eat little by little. When winter came, only the rind remained. The mouse, sad but wise, learned that greed destroys friendship and that only honesty builds true and lasting bonds."
133,La Tortuga Marina,The Sea Turtle,"Una tortuga marina llamada Marina nadó miles de kilómetros desde su playa natal hasta las aguas cálidas del Pacífico. En su viaje, escapó de tiburones, redes fantasma y plásticos flotantes. Veinte años después, regresó a la misma playa donde nació para poner sus huevos. Los biólogos la protegieron y sus crías llegaron sanas al océano. Marina demostró que la perseverancia y el instinto familiar superan cualquier obstáculo del mar inmenso.","A sea turtle named Marina swam thousands of kilometers from her native beach to the warm waters of the Pacific. On her journey, she escaped sharks, ghost nets, and floating plastics. Twenty years later, she returned to the same beach where she was born to lay her eggs. Biologists protected her and her hatchlings reached the ocean safely. Marina proved that perseverance and family instinct overcome any obstacle of the immense sea."
134,El Delfín Curioso,The Curious Dolphin,"Delfín era el más joven de su manada y siempre se apartaba para investigar barcos y boyas. Un día, siguió un submarino amarillo hasta una cueva submarina llena de corales fosforescentes. Cuando quiso regresar, no recordaba el camino. Usó su canto de ecolocalización y los sonidos rebotaron mostrándole la salida. Llegó sano a su familia y compartió historias de colores que nunca antes habían visto los delfines mayores del grupo.","Dolphin was the youngest of his pod and always drifted away to investigate boats and buoys. One day, he followed a yellow submarine to an underwater cave full of phosphorescent corals. When he wanted to return, he could not remember the way. He used his echolocation song and the sounds bounced back showing him the exit. He arrived safely to his family and shared stories of colors that the older dolphins in the group had never seen before."
135,La Llama y la Montaña,The Llama and the Mountain,"Luna era una llama que cargaba lana y sal por los Andes. Un día, una tormenta de nieve bloqueó el paso principal y la caravana se detuvo. Luna encontró un sendero estrecho entre rocas que solo ella podía cruzar con seguridad. Guió a los viajeros por la ruta alterna y salvaron la carga valiosa. Desde entonces, la gente del valle respeta a las llamas como los mejores guías de las alturas montañosas y nevadas.","Luna was a llama who carried wool and salt through the Andes. One day, a snowstorm blocked the main pass and the caravan stopped. Luna found a narrow path between rocks that only she could cross safely. She guided the travelers along the alternate route and saved the valuable cargo. Since then, the people of the valley respect llamas as the best guides of the high and snowy mountains."
136,El Caracol y la Mar,The Snail and the Sea,"Un caracol soñaba con conocer el océano aunque vivía en un jardín lejos de la costa. Un día, una gota de lluvia lo arrastró a un arroyo que llegaba al río. Viajó semanas entre peces y ramas hasta desembocar en la playa. Allí contempló las olas inmensas y el cielo anaranjado del atardecer. Volvió al jardín y pintó con su baba brillante imágenes del mar para que todos los caracolitos soñaran con viajar algún día.","A snail dreamed of knowing the ocean although he lived in a garden far from the coast. One day, a raindrop dragged him into a stream that reached the river. He traveled for weeks among fish and branches until he flowed onto the beach. There he contemplated the immense waves and the orange sunset sky. He returned to the garden and painted images of the sea with his shiny slime so that all the little snails would dream of traveling someday."
137,El Escarabajo de Oro,The Golden Beetle,"Un escarabajo con caparazón dorado vivía en un museo de historia natural desde hacía siglos. Una noche de luna llena cobró vida y salió a explorar la ciudad dormida. Visitó parques, bibliotecas y teatros vacíos. Al amanecer, regresó a su vitrina y se quedó inmóvil. Un guardia de seguridad lo vio y juró que el escarabajo sonreía. Desde entonces, los visitantes sienten que el insecto los observa con ojos brillantes y sabios.","A beetle with a golden shell had lived in a natural history museum for centuries. One full moon night he came to life and went out to explore the sleeping city. He visited parks, libraries, and empty theaters. At dawn, he returned to his display case and stayed motionless. A security guard saw him and swore the beetle was smiling. Since then, visitors feel that the insect watches them with bright and wise eyes."
138,La Luciérnaga y la Noche,The Firefly and the Night,"Luz era una luciérnaga que no podía brillar como sus hermanas. Se avergonzaba y se escondía durante las noches de verano. Un búho sabio le dijo que cada luz tiene su momento. Esa noche, una tormenta apagó las luces de un pueblo entero. Luz voló hacia una casa donde un niño enfermo necesitaba leer su medicina. Su brillo suave iluminó las instrucciones y salvó una vida. Entendió que incluso la luz más tenue tiene un propósito grande.","Luz was a firefly who could not shine like her sisters. She was ashamed and hid during summer nights. A wise owl told her that every light has its moment. That night, a storm put out the lights of an entire village. Luz flew to a house where a sick child needed to read his medicine. Her soft glow illuminated the instructions and saved a life. She understood that even the faintest light has a great purpose."
139,El Loro y el Tesoro,The Parrot and the Treasure,"Capitán Plumitas era un loro que vivía en el barco de un corsario famoso. Memorizó las coordenadas del tesoro escondido en una isla remota. Cuando el capitán murió, el loro quedó solo en un puerto caribeño. Un joven pescador lo rescató y cuidó con paciencia. El loro, agradecido, le reveló la ubicación del tesoro. Ambos compartieron la fortuna y fundaron un santuario para loros rescatados en la isla paradisíaca con todo el oro.","Captain Feathers was a parrot who lived on the ship of a famous privateer. He memorized the coordinates of the treasure hidden on a remote island. When the captain died, the parrot was left alone in a Caribbean port. A young fisherman rescued him and cared for him patiently. The parrot, grateful, revealed the location of the treasure. They shared the fortune and founded a sanctuary for rescued parrots on the paradise island with all the gold."
140,El Camaleón Cambiante,The Changing Chameleon,"Cambio era un camaleón que imitaba colores por vanidad y no por necesidad. Un día, pintó su piel con colores que nunca antes había usado para impresionar a una hembra. Los depredadores lo vieron fácilmente porque no se camufló correctamente. Huyó a una cueva oscura y allí descubrió que su verdadero color verde era hermoso por sí mismo. Desde entonces, solo cambia para protegerse y no para fingir ser algo que no es en realidad.","Cambio was a chameleon who imitated colors out of vanity and not necessity. One day, he painted his skin with colors he had never used before to impress a female. Predators saw him easily because he did not camouflage correctly. He fled to a dark cave and there discovered that his true green color was beautiful in itself. Since then, he only changes to protect himself and not to pretend to be something he is not."
141,El Oso Polar y el Hielo,The Polar Bear and the Ice,"Nanuq era un oso polar que vivía en el Ártico desde antes de que los humanos llegaran. Notó que el hielo se hacía más delgado cada invierno. Enseñó a sus cachorros a nadar largas distancias y a cazar focas en plataformas más pequeñas. Un científico que lo observó escribió un libro que conmovió al mundo. Gracias a Nanuq, muchas personas comprendieron que deben cuidar el clima para salvar el hogar de los osos polares y del planeta.","Nanuq was a polar bear who had lived in the Arctic since before humans arrived. He noticed the ice was getting thinner every winter. He taught his cubs to swim long distances and to hunt seals on smaller platforms. A scientist who observed him wrote a book that moved the world. Thanks to Nanuq, many people understood that they must care for the climate to save the home of polar bears and the planet."
142,La Ardilla y la Nuez,The Squirrel and the Nut,"Nina era una ardilla que coleccionaba nueces para el invierno. Encontró una nuez dorada que brillaba con luz propia. En lugar de enterrarla, la guardó en su madriguera como adorno. El invierno llegó temprano y Nina no tenía suficiente comida. Una lechuza le aconsejó plantar la nuez dorada. Lo hizo y creció un roble mágico lleno de nueces eternas. Compartió con todos los animales y nunca más pasaron hambre en el bosque frío.","Nina was a squirrel who collected nuts for winter. She found a golden nut that shone with its own light. Instead of burying it, she kept it in her burrow as a decoration. Winter came early and Nina did not have enough food. An owl advised her to plant the golden nut. She did and a magical oak grew full of eternal nuts. She shared with all the animals and they never went hungry again in the cold forest."
143,El Mapache y el Río,The Raccoon and the River,"Ringo era un mapache que lavaba todo en el río antes de comer. Un día, el río se secó por la sequía y Ringo no sabía qué hacer. Recordó que su abuela le había enseñado a buscar agua bajo tierra. Cavó con sus patas habilidosas hasta encontrar un manantial oculto. El agua brotó y llenó el cauce del río de nuevo. Los animales lo celebraron como héroe y Ringo aprendió que los conocimientos antiguos nunca pierden su valor útil.","Ringo was a raccoon who washed everything in the river before eating. One day, the river dried up from drought and Ringo did not know what to do. He remembered that his grandmother had taught him to look for water underground. He dug with his skillful paws until he found a hidden spring. The water gushed forth and filled the riverbed again. The animals celebrated him as a hero and Ringo learned that ancient knowledge never loses its useful value."
144,El Búho Sabio,The Wise Owl,"Oberón era el búho más viejo del bosque y todos los animales acudían a pedirle consejo. Un zorro joven le preguntó cómo ser tan inteligente. Oberón respondió que leyera cada hoja del bosque y escuchara cada viento. El zorro pasó años observando, escuchando y aprendiendo. Cuando Oberón murió, el zorro tomó su lugar en el roble más alto. Enseñó a las nuevas generaciones que la sabiduría nace de la paciencia, la observación y el respeto por la vida.","Oberon was the oldest owl in the forest and all the animals came to ask him for advice. A young fox asked him how to be so intelligent. Oberon replied to read every leaf in the forest and listen to every wind. The fox spent years observing, listening, and learning. When Oberon died, the fox took his place in the tallest oak. He taught new generations that wisdom is born from patience, observation, and respect for life."
145,La Abeja y la Flor,The Bee and the Flower,"Bella era una abeja obrera que recogía polen de miles de flores cada día. Una rosa orgullosa se negó a darle néctar porque creía que era demasiado elegante. Bella se marchó triste pero trabajó con otras flores. La rosa no fue polinizada y sus pétalos cayeron sin dejar semillas. Al año siguiente, la rosa pidió humildemente ayuda. Bella accedió y la rosa aprendió que la colaboración es más importante que la vanidad superficial y estéril.","Bella was a worker bee who collected pollen from thousands of flowers every day. A proud rose refused to give her nectar because she thought she was too elegant. Bella left sad but worked with other flowers. The rose was not pollinated and her petals fell without leaving seeds. The following year, the rose humbly asked for help. Bella agreed and the rose learned that collaboration is more important than superficial and sterile vanity."
146,El Colibrí y el Rocío,The Hummingbird and the Dew,"Un colibrí llamado Ícaro tenía alas tan pequeñas que volaba más lento que sus hermanos. Cada amanecer, bebía gotas de rocío que otros colibrís consideraban insignificantes. Un día de sequía extrema, las flores grandes se marchitaron y solo quedaron las pequeñas gotas en las hierbas. Ícaro sobrevivió gracias a su costumbre y enseñó a los demás a valorar los recursos modestos. Su descendencia se volvió la más resistente de toda la región tropical donde vivían siempre.","A hummingbird named Icarus had wings so small that he flew slower than his siblings. Every dawn, he drank dewdrops that other hummingbirds considered insignificant. One day of extreme drought, the large flowers withered and only the small drops on the grasses remained. Icarus survived thanks to his habit and taught the others to value modest resources. His descendants became the most resilient in the entire tropical region where they always lived."
147,El Perro Fiel,The Loyal Dog,"Hachiko era un perro que acompañaba a su dueño a la estación de tren cada mañana. Un día, el dueño no regresó porque había fallecido. Hachiko esperó en la misma esquina durante nueve años hasta su propia muerte. Los vecinos lo alimentaron y cuidaron conmovedoramente. Erectaron una estatua de bronce en su honor. Su historia recorrió el mundo entero como símbolo eterno de lealtad inquebrantable y amor incondicional más allá de la despedida final.","Hachiko was a dog who accompanied his master to the train station every morning. One day, the master did not return because he had passed away. Hachiko waited at the same corner for nine years until his own death. The neighbors fed and cared for him touchingly. They erected a bronze statue in his honor. His story traveled the whole world as an eternal symbol of unbreakable loyalty and unconditional love beyond the final farewell."
148,El Ganso y el Lago,The Goose and the Lake,"Un ganso solitario vivía en un lago cristalino rodeado de montañas altas. Los otros gansos emigraban en invierno, pero él se quedaba cuidando los nidos abandonados. Una primavera, las aves regresaron y encontraron sus huevos seguros gracias a su vigilancia. Lo nombraron guardián oficial del lago y desde entonces todos los gansos le traen hierba fresca como ofrenda. Él aprendió que la soledad elegida por amor se convierte en la comunidad más fuerte y duradera.","A lonely goose lived in a crystal lake surrounded by high mountains. The other geese migrated in winter, but he stayed to care for the abandoned nests. One spring, the birds returned and found their eggs safe thanks to his vigilance. They named him official guardian of the lake and since then all the geese bring him fresh grass as an offering. He learned that loneliness chosen for love becomes the strongest and most lasting community."
149,El Ciervo y el Lobo,The Deer and the Wolf,"Un ciervo herido de pata no podía correr con su manada. Un lobo viejo y casi ciego lo encontró en el bosque. En lugar de atacarlo, el lobo compartió su guarida y lo protegió de otros depredadores. El ciervo curó lentamente y guiaba al lobo hacia presas fáciles con su agudo olfato. Cuando el ciervo pudo correr de nuevo, llevó al lobo a una pradera tranquila donde vivieron juntos sus últimos años en paz y compañía inesperada.","A deer with an injured leg could not run with his herd. An old and almost blind wolf found him in the forest. Instead of attacking, the wolf shared his den and protected him from other predators. The deer healed slowly and guided the wolf toward easy prey with his keen sense of smell. When the deer could run again, he took the wolf to a quiet meadow where they lived together their last years in peace and unexpected companionship."
150,El Ratón y el Gato de la Casa,The Mouse and the House Cat,"Un ratón pequeño entró a una casa buscando queso. Un gato enorme lo atrapó con una pata pero no lo lastimó. El gato le propuso un trato: si el ratón le contaba una historia cada noche, le daría comida y refugio. El ratón aceptó y durante meses narró aventuras fantásticas. Una noche, el gato se durmió de aburrimiento y el ratón escapó. Ambos se sonrieron al despedirse, sabiendo que la amistad nace en los lugares más inesperados del mundo.","A small mouse entered a house looking for cheese. A huge cat caught him with one paw but did not hurt him. The cat proposed a deal: if the mouse told him a story every night, he would give him food and shelter. The mouse accepted and for months narrated fantastic adventures. One night, the cat fell asleep from boredom and the mouse escaped. They both smiled upon parting, knowing that friendship is born in the most unexpected places in the world."
151,El Águila y el Zorro,The Eagle and the Fox,"Un águila y una zorra fueron amigos y vivieron juntos en un bosque. El águila cazaba en lo alto mientras la zorra cuidaba su guarida en tierra. Un día, el águila robó los cachorros de la zorra para alimentar a los suyos. La zorra, sin poder subir al árbol, maldijo a su antigua amiga. El águila aprendió que la traición a un amigo siempre trae castigo eventual.","An eagle and a fox were friends and lived together in a forest. The eagle hunted high while the fox kept her den on the ground. One day, the eagle stole the fox's cubs to feed her own. The fox, unable to climb the tree, cursed her former friend. The eagle learned that betraying a friend always brings punishment eventually."
152,El Asno y el Lirón,The Donkey and the Dormouse,"Un asno se quejaba de su vida laboriosa mientras veía a un lirón dormir todo el día en su madriguera. El lirón le respondió que durante el invierno él dormía sin comer, mientras que el asno siempre tenía comida y abrigo. El asno comprendió que cada criatura tiene sus propias penas y ventajas ocultas.","A donkey complained about his hardworking life while watching a dormouse sleep all day in its burrow. The dormouse replied that during winter he slept without eating, while the donkey always had food and shelter. The donkey understood that every creature has its own hidden sorrows and advantages."
153,El Gallo y la Perla,The Rooster and the Pearl,"Un gallo picoteaba en un montón de estiércol buscando comida. Encontró una perla brillante y la mostró con orgullo. Un cuervo pasó volando y le dijo que para un gallo una perla no tiene valor, pero un grano de maíz sí. El gallo soltó la perla y siguió buscando su comida simple y nutritiva.","A rooster pecked in a dunghill looking for food. He found a shining pearl and showed it proudly. A crow flew by and told him that for a rooster a pearl has no value, but a grain of corn does. The rooster dropped the pearl and continued searching for his simple, nutritious meal."
154,El Hombre y el Sátiro,The Man and the Satyr,"Un hombre y un sátiro viajaban juntos por el bosque. El hombre se calentó las manos con su aliento y luego sopló su sopa para enfriarla. El sátiro, confundido, le preguntó si su aliento servía para calentar o para enfriar. Al ver su doblez, el sátiro decidió no seguir con él porque no confiaba en quienes tienen dos caras.","A man and a satyr traveled together through the forest. The man warmed his hands with his breath and then blew his soup to cool it. The satyr, confused, asked whether his breath served to warm or to cool. Seeing his duplicity, the satyr decided not to continue with him because he did not trust those with two faces."
155,El Zorro sin Cola,The Fox Without a Tail,"Un zorro quedó atrapado en una trampa y perdió su cola hermosa. Avergonzado, reunió a todos los zorros y les aconsejó cortarse las colas porque eran feas e incómodas. Un zorro viejo le preguntó por qué no mencionó eso antes de perder la suya. Todos rieron y el zorro sin cola huyó avergonzado por su envidia disfrazada de consejo.","A fox got caught in a trap and lost his beautiful tail. Ashamed, he gathered all the foxes and advised them to cut their tails because they were ugly and uncomfortable. An old fox asked why he had not mentioned that before losing his own. Everyone laughed and the tailless fox fled in shame for his envy disguised as advice."
156,El Mono y el Gato,The Monkey and the Cat,"Un mono y un gato hicieron un pacto de ayudarse mutuamente en la cocina. El mono prometió recompensar al gato si sacaba las castañas del fuego con sus patas. El gato lo hizo varias veces, quemándose las almohadillas. Cuando terminó, el mono se comió todas las castañas y no le dio ninguna. El gato aprendió que los aliados perezosos siempre dejan a otros el trabajo peligroso.","A monkey and a cat made a pact to help each other in the kitchen. The monkey promised to reward the cat if he pulled chestnuts from the fire with his paws. The cat did it several times, burning his pads. When finished, the monkey ate all the chestnuts and gave him none. The cat learned that lazy allies always leave the dangerous work to others."
157,"El León, el Oso y la Zorra","The Lion, the Bear and the Fox","Un león y un oso pelearon ferozmente por un ciervo que habían cazado juntos. Se cansaron tanto que cayeron al suelo sin fuerzas. Una zorra pasó por allí, tomó el ciervo y se lo llevó. Los dos gigantes solo pudieron mirar impotentes. Desde entonces, la zorra recordó que los que pelean por la gloria suelen perder el premio.","A lion and a bear fought fiercely over a deer they had hunted together. They grew so tired that they fell to the ground without strength. A fox passed by, took the deer, and carried it away. The two giants could only watch helplessly. Since then, the fox remembered that those who fight for glory usually lose the prize."
158,El Caballo Viejo,The Old Horse,"Un caballo viejo que sirvió fielmente en la guerra fue vendido a un molinero. Llevaba pesadas cargas de trigo sin quejarse. Un día, vio a sus antiguos compañeros de batalla paseando elegantes con sus nuevos jinetes. Suspiró con tristeza pero siguió trabajando, sabiendo que la utilidad es la verdadera dignidad de la vejez.","An old horse that had served faithfully in war was sold to a miller. He carried heavy loads of wheat without complaining. One day, he saw his old battle companions parading elegantly with their new riders. He sighed sadly but kept working, knowing that usefulness is the true dignity of old age."
159,El Ciervo y el León en la Cueva,The Deer and the Lion in the Cave,Un ciervo herido entró a una cueva para esconderse de un león. Dentro descubrió que la cueva era la guarida del león. El depredador lo atrapó sin esfuerzo. El ciervo lamentó no haber preferido morir de hambre afuera a caer en las garras del enemigo por su imprudencia.,A wounded deer entered a cave to hide from a lion. Inside he discovered that the cave was the lion's lair. The predator caught him without effort. The deer lamented not having preferred to starve outside rather than fall into the enemy's claws through his recklessness.
160,El Ladrón y el Perro,The Thief and the Dog,"Un ladrón entró de noche a una casa y ofreció pan a un perro guardián para que no ladrara. El perro lo miró con desprecio y le dijo que si su dueño le daba comida todos los días, no traicionaría su confianza por un simple trozo de pan. El ladrón huyó al escuchar los ladridos de alerta.","A thief entered a house at night and offered bread to a guard dog so he would not bark. The dog looked at him with contempt and said that if his master fed him every day, he would not betray his trust for a simple piece of bread. The thief fled upon hearing the alert barks."
161,El Águila y la Tortuga,The Eagle and the Tortoise,"Una tortuga le pidió a un águila que la llevara a lo alto del cielo. El águila advirtió que no era su lugar, pero la tortuga insistió. El águila la soltó en el aire y la tortuga cayó sobre las rocas. El orgullo de querer lo imposible la destruyó por completo.","A tortoise asked an eagle to carry her high into the sky. The eagle warned that it was not her place, but the tortoise insisted. The eagle dropped her in midair and the tortoise fell on the rocks. The pride of wanting the impossible destroyed her completely."
162,La Zorra y el Buey,The Fox and the Ox,"Una zorra hambrienta encontró a un buey descansando en el prado. Le dijo que el león había nombrado nuevo rey y que todos los animales debían besarle la pata. El buey, asustado, dejó que la zorra se acercara y esta le mordió el cuello. El buey aprendió que la codicia ciega el juicio.","A hungry fox found an ox resting in the meadow. She told him that the lion had been named new king and that all animals must kiss his paw. The frightened ox let the fox approach, and she bit his neck. The ox learned that greed blinds judgment."
163,El León y el Jabalí,The Lion and the Boar,"Un león y un jabalí disputaban la presa de un ciervo muerto. Mientras peleaban bajo el sol, vieron que unos buitres esperaban comerse al que perdiera. Decidieron compartir la presa en paz y vivieron para pelear otro día con mejor fortuna.","A lion and a boar disputed the prey of a dead deer. While they fought under the sun, they saw vultures waiting to eat the loser. They decided to share the prey in peace and lived to fight another day with better fortune."
164,El Águila y el Cuervo,The Eagle and the Crow,Un cuervo envidiaba la majestuosidad del águila y quería imitarla. Vio a un cordero dormido y trató de arrebatarlo como hacía el águila. Sus garras no fueron suficientes y terminó atrapado entre las patas del cordero. Un pastor lo rescató y le dijo que cada ave debe conocer sus límites.,A crow envied the eagle's majesty and wanted to imitate her. He saw a sleeping lamb and tried to snatch it as the eagle did. His claws were not strong enough and he ended up trapped in the lamb's legs. A shepherd rescued him and told him that every bird must know its limits.
165,El Grillo y las Hormigas,The Cricket and the Ants,"Un grillo cantó todo el otoño mientras las hormigas almacenaban granos. Cuando llegó la nieve, el grillo pidió comida prestada. Las hormigas le preguntaron qué había hecho durante el verano. El grillo respondió que cantaba. Las hormigas le dijeron que ahora podía bailar con el frío. La preparación siempre vence a la pereza.","A cricket sang all autumn while the ants stored grain. When the snow came, the cricket asked to borrow food. The ants asked what he had done during the summer. The cricket replied that he sang. The ants told him that now he could dance with the cold. Preparation always defeats laziness."
166,El Pescador y sus Flautas,The Fisherman and His Pipes,"Un pescador tocaba flauta junto al río para atraer peces. Cuando no conseguía ninguno, lanzó su red y atrapó muchos. Se dio cuenta de que la música no servía para pescar, sino el trabajo y la técnica. Desde entonces, dejó las flautas y estudió los hábitos de los peces para ser un verdadero maestro.","A fisherman played pipes by the river to attract fish. When he caught none, he cast his net and trapped many. He realized that music did not serve for fishing, but work and technique did. From then on, he left the pipes and studied the habits of fish to become a true master."
167,La Zorra y la Máscara,The Fox and the Mask,"Una zorra entró a la casa de un actor y encontró una máscara hermosa de tragedia. La examinó con cuidado y dijo con ironía que tenía un rostro magnífico, pero carecía de cerebro. Así son muchas personas que tienen apariencia imponente pero no tienen sabiduría en sus acciones.",A fox entered an actor's house and found a beautiful tragedy mask. She examined it carefully and said ironically that it had a magnificent face but lacked a brain. So are many people who have an imposing appearance but lack wisdom in their actions.
168,El Burro y el Jardinero,The Donkey and the Gardener,"Un burro trabajaba para un jardinero que lo trataba mal y le daba poca comida. El burro pidió consejo a un búho sobre cambiar de dueño. El búho le dijo que en cualquier lugar, los burros cargan peso. El burlo decidió quedarse y pedir mejor trato, aprendiendo que el cambio no siempre mejora la vida.","A donkey worked for a gardener who treated him poorly and gave him little food. The donkey asked an owl for advice about changing owners. The owl told him that anywhere, donkeys carry weight. The donkey decided to stay and ask for better treatment, learning that change does not always improve life."
169,El Vendedor de Estatuas,The Statue Seller,"Un escultor vendía estatuas de dioses en el mercado. Un filósofo le preguntó si creía en los dioses que tallaba. El escultor respondió que no, pero que a otros les gustaba comprarlos. El filósofo sonrió y dijo que era curioso que los dioses protegieran a quienes los fabricaban sin fe.","A sculptor sold statues of gods in the market. A philosopher asked if he believed in the gods he carved. The sculptor replied that he did not, but that others liked to buy them. The philosopher smiled and said it was curious that the gods protected those who crafted them without faith."
170,El Pavo y el Pavo Real,The Turkey and the Peacock,"Un pavo se quejaba de su plumaje opaco comparado con el pavo real. Este le respondió que podía volar alto y ver el mundo, mientras que él solo caminaba orgulloso de su cola. El pavo aprendió que la verdadera libertad vale más que la vanidad exterior.","A turkey complained about his dull plumage compared to the peacock. The peacock replied that he could fly high and see the world, while the turkey only walked proudly displaying his tail. The turkey learned that true freedom is worth more than outer vanity."
171,El Perro y el Lobo,The Dog and the Wolf,"Un lobo flaco vio a un perro gordo y bien alimentado. El perro le invitó a vivir con los humanos a cambio de vigilar la casa. El lobo aceptó, pero al ver el collar de cadena en el cuello del perro, huyó. Prefirió su hambre libre a la abundancia esclava.","A thin wolf saw a fat, well-fed dog. The dog invited him to live with humans in exchange for guarding the house. The wolf accepted, but when he saw the chain collar around the dog's neck, he fled. He preferred his free hunger to enslaved abundance."
172,El Pastor y el Lobo Cazador,The Shepherd and the Wolf Hunter,"Un pastor perdió muchas ovejas por culpa de un lobo astuto. Contrató a un cazador experto para eliminarlo. El cazador usó señuelos y trampas, pero el lobo siempre escapaba. Finalmente, el pastor reforzó su corral y el lobo se fue a otro lugar. La prevención venció a la venganza.","A shepherd lost many sheep because of a cunning wolf. He hired an expert hunter to eliminate him. The hunter used decoys and traps, but the wolf always escaped. Finally, the shepherd reinforced his pen and the wolf went elsewhere. Prevention defeated revenge."
173,El Árbol y el Hacha,The Tree and the Axe,"Un árbol grande vio que un leñador afilaba su hacha contra una piedra cercana. El árbol, confiado en su tamaño, no se preocupó. Cuando el leñador llegó y comenzó a talarlo, el árbol comprendió demasiado tarde que dar refugio a quien porta armas es un error fatal.","A large tree saw a woodcutter sharpening his axe against a nearby stone. The tree, confident in its size, was not worried. When the woodcutter arrived and began to cut it down, the tree understood too late that giving shelter to one who carries weapons is a fatal mistake."
174,El Río y el Mar,The River and the Sea,"Un río orgulloso corría rápido entre montañas y se burlaba del mar tranquilo. Cuando llegó al océano, perdió su nombre y su fuerza en la inmensidad azul. El mar le dijo con calma que la humildad es la verdadera grandeza, porque quien se une a lo grande se vuelve inmortal.","A proud river ran swiftly between mountains and mocked the calm sea. When it reached the ocean, it lost its name and strength in the blue immensity. The sea calmly told him that humility is true greatness, because whoever joins the great becomes immortal."
175,El Sol y la Luna,The Sun and the Moon,"El sol y la luna discutieron sobre quién era más importante para la tierra. El sol iluminaba el día y hacía crecer las plantas. La luna gobernaba las mareas y guiaba a los viajeros nocturnos. Una estrella sabia les dijo que ambos eran necesarios, porque la luz sin oscuridad no se aprecia.","The sun and the moon argued about who was more important to the earth. The sun lit the day and made plants grow. The moon ruled the tides and guided nighttime travelers. A wise star told them that both were necessary, because light without darkness is not appreciated."
176,El Cometa,The Flying Trunk,"Un joven heredó un baúl mágico que podía volar por los cielos. Viajó a tierras lejanas, conoció a una princesa turca y le contó historias maravillosas. Pero un día, el baúl se quemó y ya no pudo volar. Aprendió que la verdadera magia no está en los objetos, sino en las historias que contamos.","A young man inherited a magic trunk that could fly through the skies. He traveled to distant lands, met a Turkish princess, and told her wonderful stories. But one day, the trunk burned and he could no longer fly. He learned that true magic is not in objects, but in the stories we tell."
177,El Hombre de Nieve,The Snow Man,"Un hombre de nieve se enamoró de una estufa caliente en la casa de los humanos. Soñaba con acercarse a ella aunque sabía que se derretiría. Un perro viejo le advirtió del peligro, pero el hombre de nieve no escuchó. Cuando la primavera llegó, se desvaneció, convirtiendo su amor imposible en agua de recuerdos.","A snowman fell in love with a hot stove in the humans' house. He dreamed of approaching her even though he knew he would melt. An old dog warned him of the danger, but the snowman did not listen. When spring came, he vanished, turning his impossible love into watery memories."
178,Las Zapatillas Rojas,The Red Shoes,"Una niña pobre recibió unas zapatillas rojas mágicas. Cuando se las puso, comenzó a bailar sin poder detenerse. Cruzó campos y ciudades, exhausta y sin descanso. Un leñador finalmente le cortó los pies y las zapatillas bailaron solas hacia el bosque. La niña aprendió que la vanidad tiene un precio doloroso.","A poor girl received a pair of magic red shoes. When she put them on, she began to dance without being able to stop. She crossed fields and cities, exhausted and without rest. A woodcutter finally cut off her feet, and the shoes danced alone into the forest. The girl learned that vanity has a painful price."
179,El Árbol de Navidad,The Fir Tree,"Un abeto joven creció en el bosque soñando con ser el árbol de Navidad más hermoso. Cuando lo cortaron y decoraron con velas y juguetes, fue feliz por una noche. Al día siguiente, lo dejaron en el desván olvidado. Un anciano lo quemó para calentarse. El abeto aprendió que los sueños efímeros dejan cenizas amargas.","A young fir tree grew in the forest dreaming of being the most beautiful Christmas tree. When it was cut down and decorated with candles and toys, it was happy for one night. The next day, it was left forgotten in the attic. An old man burned it to warm himself. The fir tree learned that fleeting dreams leave bitter ashes."
180,El Pájaro Azul,The Blue Bird,"Un pescador ruso atrapó un pez dorado que le prometió cumplir tres deseos. Su mujer codiciosa pidió palacio, riquezas y poder. El pez accedió, pero ella quiso más y pidió ser dueña del mar. El pez se enfureció, revocó todo y los dejó en su choza pobre. La codicia infinita siempre termina en la ruina total.","A Russian fisherman caught a golden fish that promised to grant three wishes. His greedy wife asked for a palace, riches, and power. The fish agreed, but she wanted more and asked to be mistress of the sea. The fish grew angry, revoked everything, and left them in their poor hut. Infinite greed always ends in total ruin."
181,El Hércules y el Carretero,Hercules and the Carter,"Un carretero atascó su carro en el barro y rogó ayuda a Hércules. El héroe le dijo desde el cielo que primero empujara él mismo las ruedas. El carretero sudó y empujó con todas sus fuerzas. El carro salió del barro y Hércules sonrió, porque los dioses solo ayudan a quienes se ayudan primero.","A carter got his cart stuck in the mud and begged Hercules for help. The hero told him from the sky to first push the wheels himself. The carter sweated and pushed with all his might. The cart came free, and Hercules smiled, because the gods only help those who help themselves first."
182,El Pescador y el Pez de Oro,The Fisherman and the Golden Fish,"Un pescador anciano atrapó un pez de oro que hablaba. El pez le pidió libertad a cambio de cumplir deseos. El viejo solo pidió un barril nuevo para su esposa. Ella, insatisfecha, pidió casa, castillo y reino. Cuando quiso ser emperatriz del mar, el pez desapareció y todo volvió a ser polvo y pobreza eterna.","An old fisherman caught a talking golden fish. The fish asked for freedom in exchange for granting wishes. The old man only asked for a new washtub for his wife. She, unsatisfied, asked for a house, castle, and kingdom. When she wanted to be empress of the sea, the fish disappeared and everything returned to dust and eternal poverty."
183,El Jorobado de Notre Dame,The Hunchback of Notre Dame,"Quasimodo era el campanero de Notre Dame, deforme pero de corazón puro. Amaba desde lejos a la gitana Esmeralda, que le mostró bondad. Cuando ella fue condenada injustamente, él la rescató y la llevó a la catedral. El pueblo atacó y todo terminó en tragedia, pero su amor sacrificial se recordó por siglos en las campanas de París.","Quasimodo was the bell-ringer of Notre Dame, deformed but pure of heart. He loved the gypsy Esmeralda from afar, who showed him kindness. When she was unjustly condemned, he rescued her and took her to the cathedral. The people attacked and everything ended in tragedy, but his sacrificial love was remembered for centuries in the bells of Paris."
184,El Fantasma de la Ópera,The Phantom of the Opera,"Erik vivía escondido bajo la Ópera de París, ocultando su rostro desfigurado. Enseñó a cantar a Christine, una joven corista, y se enamoró de ella. Cuando ella eligió a otro, Erik la liberó por amor verdadero. Christine le dio un beso de compasión y el fantasma desapareció para siempre, llevándose su música a las sombras.","Erik lived hidden beneath the Paris Opera, concealing his disfigured face. He taught Christine, a young chorus girl, to sing, and fell in love with her. When she chose another, Erik freed her out of true love. Christine gave him a kiss of compassion and the phantom disappeared forever, taking his music into the shadows."
185,Drácula,Dracula,"El conde Drácula de Transilvania era un noble inmortal que bebía sangre humana para sobrevivir. Jonathan Harker llegó a su castillo y descubrió su secreto oscuro. Con ayuda del profesor Van Helsing, lo persiguieron hasta Londres. Finalmente, clavaron una estaca en su corazón y el vampiro se desvaneció en polvo milenario.","Count Dracula of Transylvania was an immortal noble who drank human blood to survive. Jonathan Harker arrived at his castle and discovered his dark secret. With Professor Van Helsing's help, they pursued him to London. Finally, they drove a stake through his heart and the vampire dissolved into ancient dust."
186,Frankenstein,Frankenstein,"Víctor Frankenstein era un científico obsesionado que dio vida a una criatura con partes de cadáveres. El monstruo, rechazado por su fealdad, exigió una compañera. Cuando Víctor se negó, la criatura destruyó a su familia. En el Ártico, el científico persiguió a su creación hasta morir congelado, enseñando que jugar a ser dios tiene consecuencias terribles.","Victor Frankenstein was an obsessed scientist who gave life to a creature made from corpse parts. The monster, rejected for his ugliness, demanded a companion. When Victor refused, the creature destroyed his family. In the Arctic, the scientist chased his creation until he died frozen, teaching that playing god has terrible consequences."
187,Moby Dick,Moby Dick,"El capitán Ahab era un marino obsesionado con cazar a Moby Dick, una ballena blanca que le había arrancado una pierna. Reclutó una tripulación valiente y navegó los mares durante años. Cuando encontró a la ballena, la batalla fue épica pero fatal. El barco se hundió, la tripulación pereció y Ahab quedó atrapado para siempre en las sogas de su propia venganza.","Captain Ahab was a sailor obsessed with hunting Moby Dick, a white whale that had taken his leg. He recruited a brave crew and sailed the seas for years. When they found the whale, the battle was epic but fatal. The ship sank, the crew perished, and Ahab remained trapped forever in the ropes of his own vengeance."
188,Robin Hood,Robin Hood,"Robin Hood vivía en el bosque de Sherwood con sus hombres. Robaba a los ricos para dar a los pobres, desafiando al príncipe Juan y el sheriff de Nottingham. Con su arco invencible y su corazón generoso, defendió a los campesinos oprimidos. Aunque fue traicionado, su leyenda de justicia y valentía perdura en Inglaterra para siempre.","Robin Hood lived in Sherwood Forest with his men. He robbed the rich to give to the poor, defying Prince John and the Sheriff of Nottingham. With his invincible bow and generous heart, he defended the oppressed peasants. Although he was betrayed, his legend of justice and bravery endures in England forever."
189,El Pescador y la Red,The Fisherman and the Net,"Un pescador experto lanzaba su red todos los días con paciencia. Un joven aprendiz quería pescar peces grandes de inmediato. El maestro le enseñó que la red con agujeros grandes deja escapar a los pequeños, pero atrapa lo suficiente para vivir. El aprendiz comprendió que la moderación sostiene la vida mejor que la avaricia.","An expert fisherman cast his net every day with patience. A young apprentice wanted to catch big fish immediately. The master taught him that a net with large holes lets the small ones escape, but catches enough to live. The apprentice understood that moderation sustains life better than greed."
190,El Pájaro y la Jaula de Oro,The Bird and the Golden Cage,"Un pájaro cantor vivía libre en el bosque. Un rey lo atrapó y lo puso en una jaula de oro con comida delicada. El pájaro dejó de cantar y se negó a comer. El rey, triste, lo liberó y el pájaro cantó más hermoso que nunca. La libertad es el alimento más preciado para el espíritu, más que el oro y los lujos.","A songbird lived free in the forest. A king captured him and put him in a golden cage with delicate food. The bird stopped singing and refused to eat. The sad king freed him, and the bird sang more beautifully than ever. Freedom is the most precious nourishment for the spirit, more than gold and luxury."
191,El Campesino y la Serpiente,The Peasant and the Snake,"Un campesino encontró una serpiente congelada en el camino y la guardó en su pecho para salvarla. Cuando la serpiente despertó, mordió a su salvador. Moribundo, el campesino lamentó haber olvidado que la naturaleza maligna no cambia por la bondad, y que la compasión mal dirigida se convierte en suicidio.","A peasant found a frozen snake on the road and kept it in his chest to save it. When the snake awoke, it bit its savior. Dying, the peasant lamented forgetting that an evil nature does not change through kindness, and that misdirected compassion becomes suicide."
192,El Caballo y el Asno,The Horse and the Donkey,"Un caballo elegante se burlaba del asno que cargaba bolsas pesadas. Un día, el caballo enfermó y no pudo tirar del carruaje. El asno, ahora fuerte y útil, se convirtió en el favorito del amo. El caballo, arrepentido, comprendió que la utilidad diaria vale más que la belleza orgullosa en momentos de necesidad.","An elegant horse mocked the donkey who carried heavy bags. One day, the horse fell ill and could not pull the carriage. The donkey, now strong and useful, became the master's favorite. The repentant horse understood that daily utility is worth more than proud beauty in times of need."
193,El Carpintero y la Muerte,The Carpenter and Death,"Un carpintero anciano vio a la Muerte llegar a su taller. Le pidió tiempo para terminar una silla para su nieto. La Muerte esperó pacientemente. Cuando terminó, el carpintero dijo que ya estaba listo. La Muerte, impresionada por su serenidad, le concedió un año más. El anciano aprendió que aceptar lo inevitable trae paz.","An old carpenter saw Death arrive at his workshop. He asked for time to finish a chair for his grandson. Death waited patiently. When he finished, the carpenter said he was ready. Death, impressed by his serenity, granted him another year. The old man learned that accepting the inevitable brings peace."
194,El Grillo del Hogar,The Cricket on the Hearth,"Un grillo vivía feliz junto a la chimenea de una familia humilde. Su canto traía buena suerte y alegría a la casa. Cuando un hombre codicioso intentó comprar la chimenea, el grillo cantó tan fuerte que el comprador huyó asustado. La familia conservó su hogar y aprendió que la felicidad verdadera no tiene precio de venta.","A cricket lived happily by the hearth of a humble family. His song brought good luck and joy to the house. When a greedy man tried to buy the hearth, the cricket sang so loudly that the buyer fled in fear. The family kept their home and learned that true happiness has no selling price."
195,La Gata Borracha,The Tipsy Cat,"Una gata astuta fingió estar borracha para que los ratones bajaran de sus escondites. Los ratones, confiados, salieron a bailar en la cocina. La gata recuperó su agilidad de repente y atrapó al más gordo. Los demás huyeron horrorizados, jurando no confiar nunca más en apariencias que parecen inofensivas y divertidas.","A cunning cat pretended to be drunk so the mice would come down from their hiding places. The confident mice came out to dance in the kitchen. The cat suddenly regained her agility and caught the fattest one. The others fled in horror, vowing never again to trust appearances that seem harmless and fun."
196,El Cuervo y la Urraca,The Crow and the Magpie,"Un cuervo y una urraca competían por ver quién robaba más objetos brillantes. El cuervo acumuló monedas y joyas en su nido. La urraca solo tomó espejos rotos. Cuando llegó el invierno, el cuervo no pudo comer sus tesoros y murió de hambre. La urraca sobrevivió, demostrando que lo útil siempre supera a lo ostentoso.","A crow and a magpie competed to see who could steal more shiny objects. The crow accumulated coins and jewels in his nest. The magpie only took broken mirrors. When winter came, the crow could not eat his treasures and starved. The magpie survived, proving that the useful always surpasses the ostentatious."
197,El León y el Burro Cazando,The Lion and the Donkey Hunting,"Un león y un asno hicieron un pacto para cazar juntos. El asno se encargaba de espantar las presas mientras el león las atrapaba. Al final del día, el león se comió todo y solo dejó huesos al asno. Este protestó, pero el león le recordó que un asno nunca debe aliarse con un rey si espera igualdad en el reparto.","A lion and a donkey made a pact to hunt together. The donkey was in charge of scaring the prey while the lion caught them. At the end of the day, the lion ate everything and only left bones for the donkey. He protested, but the lion reminded him that a donkey should never ally with a king if he expects equality in the distribution."
198,El Lobo y el Zorro en el Pozo,The Wolf and the Fox in the Well,"Un zorro cayó a un pozo profundo y no podía salir. Un lobo pasó y le prometió ayuda si le daba su comida. El zorro accedió, pero el lobo solo se quedó a mirar desde arriba. El zorro escapó saltando cuando llegó una cubeta. Nunca más creyó en promesas de quienes se benefician sin arriesgarse.","A fox fell into a deep well and could not get out. A wolf passed by and promised help if he gave him his food. The fox agreed, but the wolf only stood watching from above. The fox escaped by jumping when a bucket came down. He never again believed in promises from those who benefit without risking themselves."
199,El Pescador y la Red Vacía,The Fisherman and the Empty Net,"Un pescador lanzó su red al mar y solo sacó piedras y algas. Lo intentó cien veces más con la misma paciencia. En la centésima primera, la red se llenó de peces plateados. Los otros pescadores se rieron de su terquedad, pero él respondió que el éxito pertenece a quienes no abandonan la red vacía.","A fisherman cast his net into the sea and only pulled out stones and seaweed. He tried a hundred more times with the same patience. On the hundred and first, the net filled with silvery fish. The other fishermen laughed at his stubbornness, but he replied that success belongs to those who do not abandon the empty net."
200,El Reloj y la Brújula,The Clock and the Compass,"Un reloj antiguo y una brújula viajaron juntos en un barco. El reloj marcaba las horas con precisión y la brújula señalaba el norte sin fallar. Un día discutieron sobre quién era más importante. La tormenta llegó y ambos fueron necesarios: el reloj para los turnos y la brújula para la ruta. Entendieron que la precisión sin dirección es inútil, y la dirección sin tiempo es caos.","An old clock and a compass traveled together on a ship. The clock marked the hours with precision, and the compass pointed north without fail. One day they argued about who was more important. The storm came and both were needed: the clock for the shifts and the compass for the route. They understood that precision without direction is useless, and direction without time is chaos."
201,Rock 80s: La Bamba - Los Lobos,Rock 80s: La Bamba - Los Lobos,"Para bailar la bamba, para bailar la bamba se necesita una poca de gracia. Una poca de gracia pa mi pa ti, y arriba y arriba. Por ti sere, por ti sere, por ti sere. Yo no soy marinero, yo no soy marinero, soy capitan. Soy capitan, soy capitan.","To dance the bamba, to dance the bamba you need a little grace. A little grace for me for you, and up and up. For you I will be, for you I will be, for you I will be. I am not a sailor, I am not a sailor, I am a captain. I am a captain, I am a captain."
202,Rock 80s: De Música Ligera - Soda Stereo,Rock 80s: De Música Ligera - Soda Stereo,"Ella durmio al calor de las masas y yo desperté queriendo soñarla. Algún tiempo atrás pensé en escribirle que nunca sorteé las trampas del amor. De aquel amor de música ligera, nada nos libra, nada mas queda.","She slept in the warmth of the masses and I woke up wanting to dream of her. Some time ago I thought of writing to her that I never dodged the traps of love. From that light music love, nothing frees us, nothing else remains."
203,Rock 80s: Matador - Los Fabulosos Cadillacs,Rock 80s: Matador - Los Fabulosos Cadillacs,"Matador, matador, eres noble y eres bravo y valiente. Matador, matador, sangre de pantera y de elefante. Matador, matador, el sol te derrite la coraza de acero. Matador, matador, si la vida no te mata, la muerte te mata de un susto.","Matador, matador, you are noble and brave and courageous. Matador, matador, blood of panther and elephant. Matador, matador, the sun melts your armor of steel. Matador, matador, if life does not kill you, death kills you from fright."
204,Rock 80s: Lamento Boliviano - Enanitos Verdes,Rock 80s: Lamento Boliviano - Enanitos Verdes,"Me quemo los pies en el fuego de tu amor y me olvido de todo cuando entras vos. Lamento Boliviano, que nunca me abandona y me hace caminar en el cielo de tu boca. Y yo quiero mas, y yo quiero mas de tu amor y de tu piel.","I burn my feet in the fire of your love and I forget everything when you come in. Bolivian Lament, that never abandons me and makes me walk in the sky of your mouth. And I want more, and I want more of your love and your skin."
205,Rock 80s: La Muralla Verde - Enanitos Verdes,Rock 80s: La Muralla Verde - Enanitos Verdes,"La muralla verde, la muralla verde, no deja ver el mar. La muralla verde, la muralla verde, no deja ver el sol. Yo quiero que se caiga, yo quiero que se rompa, yo quiero ver el mar. Yo quiero ver la luz, yo quiero ver el sol, yo quiero ser libre.","The green wall, the green wall, does not let me see the sea. The green wall, the green wall, does not let me see the sun. I want it to fall, I want it to break, I want to see the sea. I want to see the light, I want to see the sun, I want to be free."
206,Rock 80s: Tren al Sur - Los Prisioneros,Rock 80s: Tren al Sur - Los Prisioneros,"Tren al sur, tren al sur, me lleva lejos de aqui. Tren al sur, tren al sur, donde no hay nadie que me conozca. Tren al sur, tren al sur, donde el sol quema mas fuerte. Tren al sur, tren al sur, donde puedo ser libre.","Train to the south, train to the south, takes me far from here. Train to the south, train to the south, where there is nobody who knows me. Train to the south, train to the south, where the sun burns stronger. Train to the south, train to the south, where I can be free."
207,Rock 80s: Nada Personal - Soda Stereo,Rock 80s: Nada Personal - Soda Stereo,"Nada personal, nada personal, ves que no es cierto lo que dicen de mi. Nada personal, nada personal, solo busco un poco de amor en esta ciudad. Nada personal, nada personal, no me mires asi que no soy de aqui.","Nothing personal, nothing personal, you see it is not true what they say about me. Nothing personal, nothing personal, I only seek a little love in this city. Nothing personal, nothing personal, do not look at me like that because I am not from here."
208,Rock 80s: Devuélveme a mi Chica - Hombres G,Rock 80s: Devuelveme a mi Chica - Hombres G,"Devuélveme a mi chica, no la quiero prestada, devuélveme a mi chica que yo la quiero de verdad. Devuélveme a mi chica, no la quiero prestada, devuélveme a mi chica que sin ella no hay felicidad.","Give me back my girl, I do not want her borrowed, give me back my girl because I truly love her. Give me back my girl, I do not want her borrowed, give me back my girl because without her there is no happiness."
209,Rock 80s: Flaca - Andrés Calamaro,Rock 80s: Flaca - Andres Calamaro,"Flaca, no me claves tu punyal por la espalda. Tan profundo, no me duelen ni las almas. Flaca, no me dejes con la espina de este amor que se da vuelta y se clava en mi corazon.","Skinny, do not stick your dagger in my back. So deep, not even my souls hurt. Skinny, do not leave me with the thorn of this love that turns around and sticks into my heart."
210,Rock 80s: Costumbres Argentinas - Los Abuelos de la Nada,Rock 80s: Costumbres Argentinas - Los Abuelos de la Nada,"Hola, que tal, no te habia visto en la vereda de enfrente. Hola, que tal, me dijo el corazon cuando te vio pasar. Costumbres argentinas, de mirar y no tocar, de querer y no poder, de soñar y despertar.","Hello, how are you, I had not seen you on the sidewalk across the street. Hello, how are you, my heart told me when it saw you pass by. Argentine customs, of looking and not touching, of wanting and not being able, of dreaming and waking up."
211,Rock 80s: Signos - Soda Stereo,Rock 80s: Signos - Soda Stereo,"Signos en el sol, signos en la luna, signos en tu cara cuando me miras. Signos de amor, signos de locura, signos que me dicen que tu eres para mi. Signos en el viento, signos en el agua, signos que me guian hasta tu corazon.","Signs in the sun, signs in the moon, signs on your face when you look at me. Signs of love, signs of madness, signs that tell me that you are for me. Signs in the wind, signs in the water, signs that guide me to your heart."
212,Rock 80s: Los Dinosaurios - Charly García,Rock 80s: Los Dinosaurios - Charly Garcia,"Los dinosaurios no van a desaparecer, los dinosaurios van a volver. Los dinosaurios caminan sobre la tierra, los dinosaurios van a quemarse. Los dinosaurios no van a desaparecer, los dinosaurios van a volver.","The dinosaurs are not going to disappear, the dinosaurs are going to come back. The dinosaurs walk on the earth, the dinosaurs are going to burn. The dinosaurs are not going to disappear, the dinosaurs are going to come back."
213,Rock 80s: No Voy en Tren - Charly García,Rock 80s: No Voy en Tren - Charly Garcia,"No voy en tren, no voy en tren, yo no me subo a ese tren que va al dolor. No voy en tren, no voy en tren, yo no me subo a ese tren que va al olvido. No voy en tren, no voy en tren, yo camino solo por mi propio camino.","I do not go by train, I do not go by train, I do not get on that train that goes to pain. I do not go by train, I do not go by train, I do not get on that train that goes to oblivion. I do not go by train, I do not go by train, I walk alone on my own path."
214,Rock 80s: Cuando Seas Grande - Miguel Mateos,Rock 80s: Cuando Seas Grande - Miguel Mateos,"Cuando seas grande vas a tener que trabajar, vas a tener que luchar, vas a tener que sudar. Cuando seas grande vas a entender que la vida no es un juego y que el tiempo pasa muy rapido.","When you grow up you will have to work, you will have to fight, you will have to sweat. When you grow up you will understand that life is not a game and that time passes very fast."
215,Rock 80s: Corazones - Los Prisioneros,Rock 80s: Corazones - Los Prisioneros,"Corazones rojos, corazones azules, corazones que laten al compas de la ciudad. Corazones rotos, corazones nuevos, corazones que buscan un poco de amor y de verdad. Corazones que arden, corazones que mienten, corazones que lloran en la oscuridad.","Red hearts, blue hearts, hearts that beat to the rhythm of the city. Broken hearts, new hearts, hearts that seek a little love and truth. Hearts that burn, hearts that lie, hearts that cry in the darkness."
216,Rock 80s: El Problema de los Ojos - Mecano,Rock 80s: El Problema de los Ojos - Mecano,El problema de los ojos es que no pueden ver lo que siente el corazon. El problema de los ojos es que solo miran y no entienden la verdad. El problema de los ojos es que me hacen llorar cuando te veo marchar.,The problem with eyes is that they cannot see what the heart feels. The problem with eyes is that they only look and do not understand the truth. The problem with eyes is that they make me cry when I see you leave.
217,Rock 80s: Ojalá que Llueva Café - Juan Luis Guerra,Rock 80s: Ojala que Llueva Cafe - Juan Luis Guerra,"Ojala que llueva cafe en el campo, ojala que lluva cafe pa que no haya tanto trabajo. Ojala que llueva cafe en el campo, ojala que llueva cafe por las noches y por las mañanas.","I hope it rains coffee in the countryside, I hope it rains coffee so there is not so much work. I hope it rains coffee in the countryside, I hope it rains coffee at night and in the mornings."
218,Rock 80s: Rayando el Sol - Maná,Rock 80s: Rayando el Sol - Mana,"Rayando el sol, rayando el sol, desesperacion es mas facil llegar al sol que a tu corazon. Rayando el sol, rayando el sol, me muero por ti, me muero por ti, me muero por ti y no llego.","Scratching the sun, scratching the sun, desperation, it is easier to reach the sun than your heart. Scratching the sun, scratching the sun, I die for you, I die for you, I die for you and I do not arrive."
219,Rock 80s: Mariposa Traicionera - Maná,Rock 80s: Mariposa Traicionera - Mana,"Mariposa traicionera, mariposa traicionera, volaste libre y yo me quede en la tierra. Mariposa traicionera, mariposa traicionera, tu luz me quemo y tu amor me dejo en la guerra.","Treacherous butterfly, treacherous butterfly, you flew free and I stayed on the ground. Treacherous butterfly, treacherous butterfly, your light burned me and your love left me in war."
220,Rock 80s: Te Quiero - Hombres G,Rock 80s: Te Quiero - Hombres G,"Te quiero, te quiero, te quiero mas que a mi vida. Te quiero, te quiero, te quiero y no hay nada mas que decir. Te quiero, te quiero, te quiero con locura y con razon. Te quiero, te quiero, te quiero hasta el fin del mundo.","I love you, I love you, I love you more than my life. I love you, I love you, I love you and there is nothing more to say. I love you, I love you, I love you with madness and with reason. I love you, I love you, I love you until the end of the world."
221,Rock 80s: Tocado y Hundido - El Último de la Fila,Rock 80s: Tocado y Hundido - El Ultimo de la Fila,"Tocado y hundido, tocado y hundido, me has dejado sin aliento y sin salida. Tocado y hundido, tocado y hundido, tu amor es un barco que se va a pique en el mar. Tocado y hundido, tocado y hundido, me quedo en la orilla mirando naufragar.","Hit and sunk, hit and sunk, you have left me breathless and without a way out. Hit and sunk, hit and sunk, your love is a ship that is sinking in the sea. Hit and sunk, hit and sunk, I stay on the shore watching it shipwreck."
222,Rock 80s: Amanece - Nacha Pop,Rock 80s: Amanece - Nacha Pop,"Amanece y ya no estas, amanece y todo ha cambiado. Amanece y la ciudad se despierta sin tu amor. Amanece y yo siguo aqui, amanece y no se que hacer. Amanece y el sol me quema la piel sin tu calor.","Dawn breaks and you are no longer here, dawn breaks and everything has changed. Dawn breaks and the city wakes up without your love. Dawn breaks and I am still here, dawn breaks and I do not know what to do. Dawn breaks and the sun burns my skin without your warmth."
223,Rock 80s: Latinoamérica es un Pueblo - Los Prisioneros,Rock 80s: Latinoamerica es un Pueblo - Los Prisioneros,"Latinoamerica es un pueblo al sur de Estados Unidos, con hambre de justicia y sed de libertad. Latinoamerica es un pueblo que camina descalzo por la tierra y canta con el corazon aunque le duela la verdad.","Latin America is a people south of the United States, hungry for justice and thirsty for freedom. Latin America is a people that walks barefoot on the earth and sings with the heart even though the truth hurts."
224,Rock 80s: En el 2000 - Fito Páez,Rock 80s: En el 2000 - Fito Paez,"En el dos mil, en el dos mil, todo va a ser distinto y nadie va a sufrir. En el dos mil, en el dos mil, el amor va a vencer y la paz va a venir. En el dos mil, en el dos mil, yo te voy a buscar y te voy a encontrar.","In the year two thousand, in the year two thousand, everything will be different and nobody will suffer. In the year two thousand, in the year two thousand, love will win and peace will come. In the year two thousand, in the year two thousand, I will look for you and I will find you."
225,Rock 80s: Un Buen Día - Los Abuelos de la Nada,Rock 80s: Un Buen Dia - Los Abuelos de la Nada,"Hoy es un buen dia para empezar, para dejar atras todo lo que te hace mal. Hoy es un buen dia para sonreir, para levantar la cara y salir a vivir. Hoy es un buen dia para el amor, para dar un abrazo y sentir el calor.","Today is a good day to start, to leave behind everything that hurts you. Today is a good day to smile, to lift your face and go out to live. Today is a good day for love, to give a hug and feel the warmth."
226,Rock 80s: Sweet Child O' Mine - Guns N' Roses,Rock 80s: Sweet Child O' Mine - Guns N' Roses,"Dulce niña mia, ella tiene ojos del cielo. Si miras muy atento veras lo que siento por ti. Ella tiene sonrisa que parece recordarme recuerdos de infancia donde todo era felicidad. Oh, oh, oh, dulce amor mio.","Sweet child of mine, she has eyes of the sky. If you look very closely you will see what I feel for you. She has a smile that seems to remind me of childhood memories where everything was happiness. Oh, oh, oh, sweet love of mine."
227,Rock 80s: Livin' on a Prayer - Bon Jovi,Rock 80s: Livin' on a Prayer - Bon Jovi,"Tommy trabaja en el muelle, la union esta en huelga. Gina sirve toda la noche por un salario pequeño. Ambos dicen que aguantaran, que juntos lo lograran. Dan las manos y confian en que el amor los salvara. Viven rezando, aferrados a una promesa.","Tommy works on the dock, the union's on strike. Gina serves all night for a small wage. They both say they will hold on, that together they will make it. They hold hands and trust that love will save them. They are living on a prayer, holding on to a promise."
228,Rock 80s: Bohemian Rhapsody - Queen,Rock 80s: Bohemian Rhapsody - Queen,"Mama, acabo de matar a un hombre. Puse un arma contra su cabeza, aprete el gatillo y ahora esta muerto. Mama, la vida acababa de empezar, pero ahora me la he llevado por delante. Mama, no queria hacerte llorar, pero voy a volver a empezar manana.","Mama, I just killed a man. Put a gun against his head, pulled my trigger, now he's dead. Mama, life had just begun, but now I've gone and thrown it all away. Mama, I didn't mean to make you cry, if I'm not back again this time tomorrow."
229,Rock 80s: Beat It - Michael Jackson,Rock 80s: Beat It - Michael Jackson,"No importa quien tenga razon o quien este mal, solo quiero que te vayas. Si te buscan pelea, es mejor que escapes, no quiero verte sangrar. El mundo es frio y duro, pero tu debes ser mas fuerte. Solo vete, solo vete, no quiero verte caer.","It doesn't matter who's right or wrong, I just want you to go. If they want a fight, it's better that you run, I don't want to see you bleed. The world is cold and hard, but you must be stronger. Just beat it, just beat it, I don't want to see you fall."
230,Rock 80s: Under Pressure - Queen & David Bowie,Rock 80s: Under Pressure - Queen and David Bowie,"Presion bajo el agua, presion en el aire, presion que aplasta a un hombre hasta que no puede respirar. Presion en la calle, presion en el hogar, presion que nos empuja al borde de la locura. Pero el amor es la respuesta, el amor nos salvara de esta presion.","Pressure pushing down on me, pressing down on you, no man ask for. Under pressure that burns a building down, splits a family in two. It's the terror of knowing what this world is about, watching some good friends screaming let me out. Love is the answer, love will save us from this pressure."
231,Rock 80s: Eye of the Tiger - Survivor,Rock 80s: Eye of the Tiger - Survivor,"Es el ojo del tigre, es la emocion de la lucha. Te enfrentas a los desafios con fuerza y con valor. Es el ojo del tigre, es la pasion que te guia. Golpeas mas fuerte y mas rapido, nadie puede detenerte ahora.","It's the eye of the tiger, it's the thrill of the fight. Rising up to the challenge of our rival. It's the eye of the tiger, it's the passion that guides you. You hit harder and faster, no one can stop you now."
232,Rock 80s: Billie Jean - Michael Jackson,Rock 80s: Billie Jean - Michael Jackson,"Ella era mas como una reina de belleza de una escena de pelicula. No dije que era la unica, ella solo afirma que yo soy el padre. Pero el nino no es mi hijo, ella solo dice que lo es. Billie Jean no es mi amante, ella solo es una chica que dice que yo soy el padre.","She was more like a beauty queen from a movie scene. I said don't mind, but what do you mean I am the one. But the kid is not my son, she says I am the one. Billie Jean is not my lover, she's just a girl who claims that I am the one."
233,Rock 80s: Jump - Van Halen,Rock 80s: Jump - Van Halen,"Puedes verlo en mis ojos, tengo el impulso de saltar. Tengo el corazon acelerado y no puedo parar. Si sientes la musica, debes levantarte y saltar. No esperes mas, el momento es ahora, solo salta y deja que el mundo gire.","You can see it in my eyes, I got the urge to jump. I got a heart that's beating fast and I can't stop. If you feel the music, you gotta get up and jump. Don't wait anymore, the time is now, just jump and let the world spin."
234,Rock 80s: Back in Black - AC/DC,Rock 80s: Back in Black - AC/DC,"He vuelto de negro, he vuelto a la pista. He vuelto a mover el mundo con mi guitarra y mi voz. He vuelto de negro, no hay vuelta atras. Soy un pistolero del rock que nunca se rinde, un tornado que arrasa con todo a su paso.","I'm back in black, I'm back on the track. I'm back to shake the world with my guitar and my voice. I'm back in black, there's no turning back. I'm a rock gunslinger who never gives in, a tornado that sweeps away everything in its path."
235,Rock 80s: Pour Some Sugar on Me - Def Leppard,Rock 80s: Pour Some Sugar on Me - Def Leppard,"Echame azucar encima, echame azucar en el amor. Soy caliente, dulce y pegajoso, ardiendo como el fuego. Echame azucar encima, hazme sentir vivo. Dame un poco de dulzura en la oscuridad de esta noche salvaje.","Pour some sugar on me, pour some sugar on love. I'm hot, sweet and sticky, burning like fire. Pour some sugar on me, make me feel alive. Give me a little sweetness in the darkness of this wild night."
236,Rock 80s: Every Breath You Take - The Police,Rock 80s: Every Breath You Take - The Police,"Cada respiro que das, cada paso que das, te estare observando. Cada dia, cada noche, cada palabra que dices, te estare observando. No puedes verme pero estoy aqui, en las sombras de tu vida. Te estare observando por siempre porque el amor se volvio obsesion.","Every breath you take, every move you make, I'll be watching you. Every single day, every word you say, I'll be watching you. You can't see me but I'm here, in the shadows of your life. I'll be watching you forever because love turned into obsession."
237,Rock 80s: With or Without You - U2,Rock 80s: With or Without You - U2,"No puedo vivir contigo ni sin ti, atado a un amor que no puedo soltar. No puedo vivir contigo ni sin ti, y me ahogo en un mar de promesas rotas. Espero tu llegada pero temo tu partida, esta herida no cicatriza ni con el tiempo.","I can't live with or without you, tied to a love I can't let go. I can't live with or without you, and I drown in a sea of broken promises. I wait for your arrival but fear your departure, this wound won't heal even with time."
238,Rock 80s: Purple Rain - Prince,Rock 80s: Purple Rain - Prince,"Quiero verte reir, quiero verte bailar bajo la lluvia purpura. No quiero ser tu fin de semana, quiero ser tu eternidad. La lluvia purpura cae sobre nosotros y lava todo el dolor. Este momento es nuestro, este amor es real, y la lluvia nunca terminara.","I want to see you laugh, I want to see you dance beneath the purple rain. I don't want to be your weekend, I want to be your eternity. The purple rain falls on us and washes away all the pain. This moment is ours, this love is real, and the rain will never end."
239,Rock 80s: Don't Stop Believin' - Journey,Rock 80s: Don't Stop Believin' - Journey,"Una chica de un pueblo pequeño, un chico de la ciudad solitaria. Se suben al tren de la medianoche yendo a cualquier lugar. Cantan con el viento y suenan con un mundo mejor. No dejes de creer, aferrate a ese sentimiento, porque el viaje acaba de empezar.","A small town girl, a lonely city boy. They take the midnight train going anywhere. They sing with the wind and dream of a better world. Don't stop believin', hold on to that feeling, because the journey has just begun."
240,Rock 80s: Another One Bites the Dust - Queen,Rock 80s: Another One Bites the Dust - Queen,"Otro cae derrotado, otro que muerde el polvo. Estoy listo, soy una maquina, nadie puede detenerme. Otro cae derrotado, y otro mas se va. Camino por las calles con el ritmo en mis pies y la victoria en mis manos.","Another one bites the dust, another one bites the dust. I'm ready, I'm a machine, no one can stop me. Another one bites the dust, and another one gone. I walk through the streets with rhythm in my feet and victory in my hands."
241,Rock 80s: I Love Rock 'n Roll - Joan Jett,Rock 80s: I Love Rock n Roll - Joan Jett,"Amo el rock and roll, asi que pon otra moneda en la maquina. Me encanta cuando tocan canciones viejas y buenas. Amo el rock and roll, me hace sentir viva. Bailo toda la noche con la guitarra en mi corazon y el fuego en mis venas.","I love rock n roll, so put another dime in the jukebox. I love when they play old good songs. I love rock n roll, it makes me feel alive. I dance all night with the guitar in my heart and fire in my veins."
242,Rock 80s: Summer of '69 - Bryan Adams,Rock 80s: Summer of 69 - Bryan Adams,"Fue el verano del sesenta y nueve, tocabamos en la banda y sonabamos bien. Era el verano del sesenta y nueve, teniamos un sueno y el tiempo era nuestro. Aunque las cosas cambiaron y el tiempo paso, esos fueron los mejores dias de mi vida sin duda.","It was the summer of sixty-nine, we were playing in a band and sounding good. It was the summer of sixty-nine, we had a dream and time was ours. Though things changed and time went by, those were the best days of my life no doubt."
243,Rock 80s: Welcome to the Jungle - Guns N' Roses,Rock 80s: Welcome to the Jungle - Guns N' Roses,"Bienvenido a la jungla, tenemos diversion y juegos. Tenemos todo lo que quieras, si tienes hambre te comemos vivo. Bienvenido a la jungla, mira esa hermosa vista. Es la ciudad de las luces y las sombras donde solo sobreviven los fuertes.","Welcome to the jungle, we got fun and games. We got everything you want, if you're hungry we eat you alive. Welcome to the jungle, watch that beautiful sight. It's the city of lights and shadows where only the strong survive."
244,Rock 80s: Money for Nothing - Dire Straits,Rock 80s: Money for Nothing - Dire Straits,"Dinero por nada y tus chicas gratis. Ese tipo toca guitarra en la television, debe ser facil ser estrella. Dinero por nada y tus chicas gratis. Yo deberia aprender a tocar la guitarra, yo deberia aprender a tocar las baterias.","Money for nothing and your chicks for free. That guy plays guitar on the TV, it must be easy to be a star. Money for nothing and your chicks for free. I should learn to play the guitar, I should learn to play them drums."
245,Rock 80s: Tainted Love - Soft Cell,Rock 80s: Tainted Love - Soft Cell,"A veces me siento que debo escapar de este amor envenenado. A veces me siento que debo correr lejos antes de que me consuma. Este amor envenenado me ha herido muchas veces, pero sigo aqui. Necesito un amor verdadero, un amor puro que sane mi corazon.","Sometimes I feel I've got to run away from this tainted love. Sometimes I feel I've got to run away before it consumes me. This tainted love has hurt me many times, but I'm still here. I need a true love, a pure love that heals my heart."
246,Rock 80s: Hungry Like the Wolf - Duran Duran,Rock 80s: Hungry Like the Wolf - Duran Duran,"Hambriento como el lobo, hambriento como el lobo. Te busco en las calles, te sigo el rastro en la oscuridad. Hambriento como el lobo, hambriento como el lobo. Mi corazon late fuerte cuando te veo cerca, quiero atraparte esta noche.","Hungry like the wolf, hungry like the wolf. I search for you in the streets, I follow your trail in the dark. Hungry like the wolf, hungry like the wolf. My heart beats hard when I see you near, I want to catch you tonight."
247,Rock 80s: Should I Stay or Should I Go - The Clash,Rock 80s: Should I Stay or Should I Go - The Clash,"Deberia quedarme o deberia irme. Si me quedo habra problemas, si me voy habra doble. Deberia quedarme o deberia irme. Tu sabes que me debes una respuesta clara porque mi corazon no aguanta mas esta incertidumbre.","Should I stay or should I go. If I stay there will be trouble, if I go it will be double. Should I stay or should I go. You know you owe me a clear answer because my heart can't take this uncertainty anymore."
248,Rock 80s: In the Air Tonight - Phil Collins,Rock 80s: In the Air Tonight - Phil Collins,"Puedo sentirlo en el aire esta noche, oh senor. Y he estado esperando este momento por toda mi vida. Puedo sentirlo en el aire esta noche, oh senor. La tormenta se acerca y el pasado vuelve a golpear la puerta de mi corazon.","I can feel it coming in the air tonight, oh lord. And I've been waiting for this moment for all my life. I can feel it coming in the air tonight, oh lord. The storm is coming and the past knocks on my heart's door again."
249,Rock 80s: Running Up That Hill - Kate Bush,Rock 80s: Running Up That Hill - Kate Bush,"Si solo pudieramos hacer un trato con Dios y cambiar de lugar. Correria subiendo esa colina, correria subiendo esa colina contigo. Si solo pudieramos cambiar los papeles y entender el dolor del otro. Correria subiendo esa colina sin mirar atras.","If only we could make a deal with God and change places. I'd be running up that hill, I'd be running up that hill with you. If only we could swap roles and understand each other's pain. I'd be running up that hill without looking back."
250,Rock 80s: Take On Me - a-ha,Rock 80s: Take On Me - a-ha,"Tomame ahora, tomame ahora. Seremos juntos en un cuento de hadas de dibujos animados. Tomame ahora, tomame ahora. Es mejor que te escapes mientras puedas, porque este amor es un torbellino que nos arrastra a los dos.","Take on me now, take on me now. We'll be together in a fairy tale of cartoons. Take on me now, take on me now. It's better that you escape while you can, because this love is a whirlwind that drags us both."
